Steps,Policy/Entropy,Environment/Episode Length,Policy/Extrinsic Value Estimate,Environment/Cumulative Reward,Policy/Extrinsic Reward,Losses/Value Loss,Losses/Policy Loss,Policy/Learning Rate,Policy/Epsilon,Policy/Beta,Is Training
30000,1.4186939,24.685787671232877,-0.045614343,2.076775576584137,2.076775576584137,1.500839,0.03022363,0.0002996927,0.1998976,0.0049948865,1.0
60000,1.4176081,24.88955996548749,0.06338544,2.129364418253187,2.129364418253187,1.1751819,0.03074835,0.00029938464,0.19979483,0.004989763,1.0
90000,1.416404,24.901639344262296,0.23701225,2.265486621954402,2.265486621954402,0.89505595,0.030143743,0.0002989234,0.19964108,0.0049820915,1.0
120000,1.4155543,24.803770351328193,0.43127838,2.5720400164482005,2.5720400164482005,0.8179372,0.032204386,0.00029846205,0.19948734,0.0049744197,1.0
150000,1.4144211,25.302816901408452,0.6845175,2.8677710473537443,2.8677710473537443,0.77065253,0.034254,0.00029800093,0.19933365,0.0049667484,1.0
180000,1.4135802,25.6072695035461,0.8245586,3.1666945146186856,3.1666945146186856,0.8130394,0.035290398,0.00029753998,0.19918004,0.0049590813,1.0
210000,1.4126747,25.69306049822064,0.9653001,3.3756082427300167,3.3756082427300167,0.8011762,0.035655864,0.0002970784,0.19902611,0.0049514035,1.0
240000,1.4116269,25.100087032201916,1.0568922,3.365527875319771,3.365527875319771,0.7736864,0.032981556,0.00029661637,0.19887213,0.004943719,1.0
270000,1.4108897,24.929065743944637,1.2326291,3.6525467596851553,3.6525467596851553,0.72707224,0.03788932,0.00029615505,0.19871834,0.0049360446,1.0
300000,1.4104353,25.056472632493485,1.3836092,3.870708230950851,3.870708230950851,0.714753,0.039833657,0.0002956937,0.19856456,0.0049283705,1.0
330000,1.4098355,24.82788296041308,1.4529476,3.8846980695983016,3.8846980695983016,0.6800446,0.03716315,0.00029523275,0.19841087,0.0049207034,1.0
360000,1.40864,24.546462063086103,1.6148823,4.058477226955724,4.058477226955724,0.6539628,0.039546702,0.00029477183,0.1982573,0.0049130362,1.0
390000,1.407797,25.327541268462205,1.6679146,4.194223133509943,4.194223133509943,0.6608527,0.036796965,0.0002943104,0.19810344,0.0049053617,1.0
420000,1.4068414,25.19753086419753,1.833109,4.428391948056262,4.428391948056262,0.591744,0.035877597,0.00029384886,0.19794957,0.004897685,1.0
450000,1.4065427,25.315188762071994,1.9305578,4.543100162765436,4.543100162765436,0.6593122,0.039121673,0.00029354115,0.19784704,0.0048925686,1.0
480000,1.4060591,25.20490367775832,2.0415957,4.706242832033915,4.706242832033915,0.6607836,0.036791667,0.00029307953,0.19769317,0.0048848893,1.0
510000,1.4055538,26.026126126126126,2.1026108,4.882639317308461,4.882639317308461,0.69219846,0.036763307,0.00029261791,0.1975393,0.0048772106,1.0
540000,1.4045274,25.887197851387647,2.175951,4.93010021719454,4.93010021719454,0.71367466,0.038349748,0.00029215647,0.1973855,0.0048695356,1.0
570000,1.4035169,25.940754039497307,2.2408538,5.03897349357177,5.03897349357177,0.73879164,0.035863157,0.00029169457,0.19723146,0.0048618517,1.0
600000,1.4030641,26.31175934366454,2.3257298,5.281132304874708,5.281132304874708,0.7737806,0.036597848,0.00029123333,0.19707781,0.004854181,1.0
630000,1.4021732,26.52795600366636,2.4429731,5.497741377244302,5.497741377244302,0.7892881,0.041944657,0.00029077157,0.19692382,0.0048464993,1.0
660000,1.4017168,26.80148423005566,2.5195334,5.632682602421015,5.632682602421015,0.8361481,0.03713031,0.00029031013,0.19677004,0.004838826,1.0
690000,1.4009494,27.092609915809167,2.6037169,5.792724608928523,5.792724608928523,0.8284687,0.038016003,0.0002898491,0.19661634,0.0048311558,1.0
720000,1.4005024,27.165413533834588,2.6899638,5.899325806546099,5.899325806546099,1.0115321,0.03775032,0.00028938745,0.19646245,0.0048234775,1.0
750000,1.3998073,27.745925215723872,2.8236778,6.192434964794309,6.192434964794309,1.0970097,0.041374262,0.00028892516,0.19630843,0.004815788,1.0
780000,1.3994359,28.058823529411764,2.9778664,6.507163691843814,6.507163691843814,1.1648206,0.038053118,0.00028846425,0.19615477,0.004808122,1.0
810000,1.398691,28.81118881118881,3.2348738,7.035944950094754,7.035944950094754,1.2730896,0.04070018,0.00028800342,0.19600111,0.004800456,1.0
840000,1.3976661,28.899100899100898,3.2939794,7.156396770643688,7.156396770643688,1.4953469,0.04003555,0.00028769593,0.19589862,0.004795343,1.0
870000,1.396868,29.393110435663626,3.5293305,7.651468202275466,7.651468202275466,1.7407675,0.04028354,0.000287234,0.19574466,0.0047876574,1.0
900000,1.396223,29.922600619195048,3.6276135,7.96689882579538,7.96689882579538,1.9555472,0.038806506,0.00028677232,0.19559082,0.00477998,1.0
930000,1.3954139,30.971246006389777,3.8563554,8.610028149474797,8.610028149474797,2.4318964,0.03974215,0.00028631146,0.19543716,0.0047723134,1.0
960000,1.3946623,31.736095965103598,4.0665264,8.981773413319624,8.981773413319624,2.8880076,0.041197084,0.00028584866,0.19528289,0.0047646156,1.0
990000,1.3934435,32.448160535117054,4.298114,9.588989415272538,9.588989415272538,3.359694,0.040827714,0.0002853878,0.19512922,0.004756949,1.0
1020000,1.3920358,33.65473441108545,4.539553,10.361429949349123,10.361429949349123,4.161444,0.03817053,0.00028492638,0.19497544,0.0047492743,1.0
1050000,1.3913155,34.08187134502924,4.7056007,10.625779900704211,10.625779900704211,4.3445363,0.040355362,0.0002844653,0.19482175,0.0047416054,1.0
1080000,1.3903295,35.02403846153846,4.9360867,11.1583177284891,11.1583177284891,5.1185517,0.039654385,0.00028400405,0.19466798,0.004733934,1.0
1110000,1.3893001,35.81717791411043,5.1549516,11.860295411414164,11.860295411414164,5.8071623,0.039103955,0.0002835426,0.19451419,0.0047262576,1.0
1140000,1.3887005,37.89248704663213,5.581058,13.056654505228718,13.056654505228718,6.7131042,0.040701523,0.0002830808,0.19436027,0.004718577,1.0
1170000,1.3881723,39.070572569906794,5.693597,13.59257006223434,13.59257006223434,8.474297,0.04015529,0.00028261798,0.19420598,0.0047108782,1.0
1200000,1.387533,38.93163538873995,5.92139,13.611465223302218,13.611465223302218,8.226859,0.043542437,0.00028215678,0.19405225,0.0047032074,1.0
1230000,1.3867768,40.69348127600555,6.234198,14.717042259716955,14.717042259716955,8.685404,0.039178804,0.00028184926,0.19394974,0.0046980926,1.0
1260000,1.3856368,41.58321479374111,6.4987864,15.519508862308893,15.519508862308893,10.796598,0.041863665,0.000281388,0.19379598,0.00469042,1.0
1290000,1.3844558,41.862857142857145,6.7069044,15.753361035415104,15.753361035415104,9.553447,0.040933117,0.00028092688,0.19364227,0.00468275,1.0
1320000,1.3837467,44.03453453453454,7.0922985,17.3189768405469,17.3189768405469,12.321484,0.043497253,0.00028046532,0.19348842,0.004675073,1.0
1350000,1.3828897,45.00153374233129,7.4454007,18.020590998278074,18.020590998278074,14.134277,0.043200187,0.00028000367,0.19333455,0.0046673943,1.0
1380000,1.3817309,47.32794830371567,7.836908,19.745392995111406,19.745392995111406,16.0332,0.03955145,0.0002795423,0.19318075,0.0046597184,1.0
1410000,1.3804612,49.660472972972975,8.330979,21.282230392299795,21.282230392299795,19.630497,0.042687796,0.00027908056,0.19302689,0.0046520396,1.0
1440000,1.3794026,49.90524534686971,8.718127,22.023616349535747,22.023616349535747,19.355167,0.04135492,0.00027861877,0.1928729,0.0046443576,1.0
1470000,1.3786354,52.611111111111114,8.921907,23.833424498103426,23.833424498103426,19.924765,0.0389545,0.00027815747,0.19271912,0.0046366854,1.0
1500000,1.3776262,54.03669724770642,9.534249,25.43953273329166,25.43953273329166,25.292747,0.039283104,0.00027769606,0.19256532,0.0046290113,1.0
1530000,1.3765023,54.910614525139664,9.703865,26.27357252749651,26.27357252749651,24.87995,0.04098247,0.00027723407,0.19241136,0.004621326,1.0
1560000,1.3755702,55.39399624765478,10.065457,26.66634044353675,26.66634044353675,28.5066,0.03914155,0.00027677184,0.19225726,0.004613638,1.0
1590000,1.3747972,56.150763358778626,10.698677,27.434388617712283,27.434388617712283,29.086634,0.038707387,0.00027631022,0.19210339,0.0046059587,1.0
1620000,1.3741866,62.12658227848101,11.343686,31.834290520551335,31.834290520551335,30.857306,0.037179146,0.00027600196,0.19200058,0.004600832,1.0
1650000,1.3739213,57.701171875,11.300394,29.096100961673073,29.096100961673073,33.486656,0.040811457,0.00027554051,0.19184685,0.0045931567,1.0
1680000,1.3734754,62.54872881355932,12.003289,32.19110742085061,32.19110742085061,31.22805,0.040169396,0.000275079,0.19169296,0.0045854794,1.0
1710000,1.3729601,61.855345911949684,12.193302,31.621687820122677,31.621687820122677,34.020958,0.038418062,0.00027461728,0.19153908,0.0045778006,1.0
1740000,1.3723776,66.72911963882619,13.003864,35.42291218594019,35.42291218594019,36.103268,0.03799628,0.0002741559,0.1913853,0.004570126,1.0
1770000,1.3715166,62.77872340425532,12.902649,33.340915641632485,33.340915641632485,36.559807,0.039290577,0.0002736937,0.19123125,0.0045624385,1.0
1800000,1.37107,67.97011494252874,13.300331,36.023040426873614,36.023040426873614,35.624622,0.04076977,0.00027323246,0.19107755,0.0045547658,1.0
1830000,1.370263,68.19124423963133,13.391057,35.79665454109693,35.79665454109693,36.73082,0.040190484,0.00027277114,0.1909237,0.004547093,1.0
1860000,1.369321,70.71599045346062,14.392497,38.52922799227911,38.52922799227911,37.568577,0.03829467,0.00027230996,0.19077002,0.0045394218,1.0
1890000,1.3688111,69.75,14.177018,37.634174532048846,37.634174532048846,38.758606,0.038718723,0.0002718466,0.19061556,0.004531715,1.0
1920000,1.3686522,66.12107623318386,14.149714,35.42785452139217,35.42785452139217,35.7138,0.03793054,0.00027138513,0.1904617,0.0045240386,1.0
1950000,1.3683655,70.59810874704492,14.548331,38.87344087628152,38.87344087628152,36.22171,0.041663863,0.0002709236,0.19030786,0.004516362,1.0
1980000,1.3675978,71.46585365853659,14.67483,37.834069003279396,37.834069003279396,33.83044,0.03935591,0.00027046262,0.19015417,0.0045086946,1.0
2010000,1.3670502,72.38386308068459,14.721961,38.57409245227543,38.57409245227543,32.726524,0.039321084,0.0002701531,0.19005105,0.004503547,1.0
2040000,1.3662553,75.29770992366412,15.377778,41.2237708568573,41.2237708568573,34.042137,0.04125306,0.00026969035,0.18989679,0.004495849,1.0
2070000,1.3654,74.59445843828715,15.420522,40.44436903894698,40.44436903894698,36.750244,0.04257889,0.00026922874,0.18974295,0.004488171,1.0
2100000,1.3644187,78.10263157894737,15.7951145,41.991999516047926,41.991999516047926,32.349693,0.03739418,0.0002687666,0.18958887,0.0044804844,1.0
2130000,1.3638844,82.17777777777778,16.22212,44.13338643776046,44.13338643776046,31.841658,0.039651442,0.0002683055,0.18943514,0.0044728136,1.0
2160000,1.3634392,82.37673130193906,16.127903,43.69353463053703,43.69353463053703,32.02128,0.038883455,0.00026784348,0.1892811,0.0044651283,1.0
2190000,1.3633585,83.6657223796034,16.388546,44.17485679071502,44.17485679071502,28.70444,0.036605384,0.000267381,0.189127,0.0044574374,1.0
2220000,1.3629292,82.31024930747922,17.05568,44.481151781088755,44.481151781088755,31.136007,0.038552828,0.00026691853,0.18897285,0.004449744,1.0
2250000,1.3623326,83.02521008403362,17.040026,44.646140878274,44.646140878274,28.793394,0.042250883,0.00026645692,0.18881896,0.004442066,1.0
2280000,1.3616668,85.67341040462428,17.421574,45.89306741298279,45.89306741298279,31.22971,0.040946603,0.00026599463,0.18866488,0.004434378,1.0
2310000,1.3609453,87.6923076923077,17.62556,47.25052993572675,47.25052993572675,32.420387,0.03569779,0.00026553177,0.18851057,0.004426678,1.0
2340000,1.3603983,86.48595505617978,17.989222,46.024542142773235,46.024542142773235,30.424084,0.039256625,0.00026506942,0.18835652,0.0044189882,1.0
2370000,1.3600258,89.46081504702194,18.281494,48.14001322580172,48.14001322580172,32.474422,0.03550207,0.00026460702,0.18820235,0.004411296,1.0
2400000,1.3597939,86.4460641399417,18.422394,45.71671715213675,45.71671715213675,31.170858,0.035059683,0.0002642991,0.18809973,0.0044061746,1.0
2430000,1.3592389,89.08108108108108,19.14071,47.68701964097696,47.68701964097696,26.287294,0.037698917,0.00026383752,0.18794584,0.0043984973,1.0
2460000,1.3592899,93.31761006289308,19.029043,49.68666887170863,49.68666887170863,30.338083,0.03399204,0.00026337575,0.18779188,0.0043908157,1.0
2490000,1.3590343,96.46428571428571,19.79274,51.392392201857135,51.392392201857135,32.569145,0.036210507,0.00026291344,0.1876378,0.0043831263,1.0
2520000,1.3586432,97.40983606557377,19.817783,50.96202234049312,50.96202234049312,28.170288,0.03638769,0.0002624515,0.18748383,0.004375444,1.0
2550000,1.3585417,95.51768488745981,19.874235,50.207656632315725,50.207656632315725,29.817265,0.035264686,0.0002619897,0.18732987,0.004367762,1.0
2580000,1.3586038,92.70625,19.168402,47.20935486224582,47.20935486224582,28.482462,0.039399754,0.00026152786,0.18717591,0.0043600793,1.0
2610000,1.3586845,99.55704697986577,19.63943,50.649909441903134,50.649909441903134,29.070175,0.034600105,0.0002610632,0.18702105,0.0043523507,1.0
2640000,1.35834,105.35106382978724,20.440897,54.38881340348129,54.38881340348129,28.12878,0.034638923,0.0002606019,0.18686728,0.004344678,1.0
2670000,1.3575072,108.62093862815884,21.481543,56.225882677701264,56.225882677701264,33.91212,0.035159014,0.0002601407,0.18671353,0.0043370062,1.0
2700000,1.357416,110.17602996254682,20.869774,56.35367294682397,56.35367294682397,32.833797,0.03495344,0.00025967957,0.18655981,0.0043293363,1.0
2730000,1.3574173,111.0,21.206036,56.9202847440591,56.9202847440591,36.260437,0.034078978,0.00025921842,0.18640614,0.0043216655,1.0
2760000,1.3568922,109.23643410852713,21.421831,55.961472371559005,55.961472371559005,27.586203,0.033322413,0.00025875712,0.1862524,0.0043139914,1.0
2790000,1.3565805,111.95505617977528,21.340673,56.77452026279678,56.77452026279678,33.31639,0.032699164,0.0002584486,0.18614954,0.0043088617,1.0
2820000,1.3561656,113.76153846153846,20.935724,57.57947455209035,57.57947455209035,34.606018,0.03403613,0.00025798543,0.18599513,0.004301157,1.0
2850000,1.3558545,130.48471615720524,23.231293,67.86906000802611,67.86906000802611,41.512352,0.03192919,0.0002575233,0.18584108,0.0042934706,1.0
2880000,1.3558632,116.57086614173228,21.899376,58.46076883011916,58.46076883011916,41.636765,0.03238672,0.00025706046,0.18568683,0.004285772,1.0
2910000,1.3559159,121.53846153846153,21.731752,61.29302364733161,61.29302364733161,46.981834,0.033176474,0.00025659907,0.18553302,0.0042780987,1.0
2940000,1.3558185,127.20689655172414,23.838734,65.40938312096657,65.40938312096657,42.049988,0.03314159,0.00025613472,0.18537825,0.004270373,1.0
2970000,1.3552463,131.72566371681415,23.869682,67.00322237531695,67.00322237531695,39.50344,0.03344454,0.0002556708,0.18522358,0.004262657,1.0
3000000,1.3548709,127.09401709401709,24.254774,63.84618752481591,63.84618752481591,45.47535,0.033408895,0.0002552091,0.18506971,0.004254977,1.0
3030000,1.3548504,126.58297872340425,24.746725,64.53122230945749,64.53122230945749,45.92075,0.031276215,0.00025474798,0.18491599,0.004247308,1.0
3060000,1.3548856,136.01315789473685,25.240488,69.0816913783278,69.0816913783278,48.15741,0.0347653,0.00025428564,0.18476187,0.004239618,1.0
3090000,1.3548733,133.39252336448598,24.371876,66.57569840349959,66.57569840349959,48.840645,0.030081961,0.00025382361,0.1846079,0.0042319316,1.0
3120000,1.3549386,131.35146443514645,24.552448,65.9924723197307,65.9924723197307,49.35219,0.034107663,0.0002533609,0.18445358,0.004224235,1.0
3150000,1.3548051,153.69892473118279,24.908747,75.82054118967768,75.82054118967768,53.15821,0.031086836,0.00025289867,0.18429951,0.004216546,1.0
3180000,1.3541718,159.04324324324324,25.972794,81.30931875093563,81.30931875093563,66.8543,0.03275024,0.00025258944,0.18419644,0.0042114025,1.0
3210000,1.3538028,147.86138613861385,25.96874,72.6437267861744,72.6437267861744,51.969437,0.031754643,0.0002521273,0.18404244,0.004203717,1.0
3240000,1.3537501,149.46733668341707,26.511536,76.23983802006703,76.23983802006703,57.091324,0.03125138,0.00025166283,0.18388757,0.0041959905,1.0
3270000,1.353746,157.51322751322752,28.890852,80.32226931986055,80.32226931986055,54.8835,0.03124358,0.0002512006,0.18373352,0.004188304,1.0
3300000,1.353709,151.13705583756345,27.975357,77.07271893042598,77.07271893042598,62.29608,0.03456033,0.0002507368,0.18357894,0.0041805888,1.0
3330000,1.353741,148.1592039800995,26.493435,73.35746742357122,73.35746742357122,57.00135,0.029649273,0.0002502678,0.1834226,0.0041727875,1.0
3360000,1.3535106,143.69230769230768,27.558369,70.93225595584282,70.93225595584282,54.90768,0.03496976,0.00024980525,0.18326841,0.004165092,1.0
3390000,1.3530691,155.42564102564103,27.220222,77.6166572670662,77.6166572670662,57.869026,0.03257681,0.00024934276,0.1831142,0.0041574007,1.0
3420000,1.3527174,162.2111111111111,27.366785,81.19702780635461,81.19702780635461,66.13651,0.033247165,0.00024887972,0.18295994,0.0041496987,1.0
3450000,1.3526832,157.56650246305418,27.382652,74.68030834505238,74.68030834505238,60.75025,0.033118222,0.00024841813,0.18280604,0.0041420218,1.0
3480000,1.3528527,160.3372093023256,27.817371,82.20997247379788,82.20997247379788,63.09498,0.028129296,0.0002479564,0.18265213,0.004134342,1.0
3510000,1.3529086,164.56043956043956,27.587389,81.32010110917982,81.32010110917982,61.515713,0.03215064,0.00024764665,0.18254891,0.0041291886,1.0
3540000,1.3530709,159.68783068783068,28.02098,77.93492737270537,77.93492737270537,61.12905,0.031227285,0.00024718163,0.18239391,0.0041214535,1.0
3570000,1.352966,169.54335260115607,29.495016,86.58908413738185,86.58908413738185,68.22636,0.03238143,0.00024671463,0.18223816,0.004113684,1.0
3600000,1.3531114,185.7378048780488,30.356672,91.82569753904284,91.82569753904284,71.18126,0.029569652,0.00024625106,0.18208373,0.004105977,1.0
3630000,1.3528892,186.37579617834396,31.027128,93.80021339654922,93.80021339654922,71.06751,0.033474855,0.00024578595,0.18192866,0.0040982394,1.0
3660000,1.3526793,199.94701986754967,31.495558,98.26169905362539,98.26169905362539,72.17268,0.028061189,0.00024531427,0.1817714,0.004090393,1.0
3690000,1.352954,190.32903225806453,31.489567,97.94470055872394,97.94470055872394,78.1093,0.031218909,0.0002448504,0.18161681,0.004082679,1.0
3720000,1.3531449,170.33333333333334,30.580162,84.23320348875863,84.23320348875863,70.36189,0.03214526,0.00024438664,0.1814622,0.0040749647,1.0
3750000,1.3528843,203.62686567164178,32.76274,101.82975122272568,101.82975122272568,89.972084,0.03230892,0.0002439198,0.18130653,0.004067198,1.0
3780000,1.3527979,202.9047619047619,31.227592,100.01800661670919,100.01800661670919,80.51099,0.030517386,0.0002436104,0.18120344,0.0040620537,1.0
3810000,1.3526412,218.5839416058394,33.151733,112.02272579950444,112.02272579950444,78.0741,0.031190272,0.00024314373,0.18104792,0.004054291,1.0
3840000,1.3526871,183.94444444444446,31.211842,89.21174338990194,89.21174338990194,74.67088,0.029702032,0.00024267945,0.18089311,0.0040465677,1.0
3870000,1.3526735,193.14285714285714,31.788568,94.2729962429443,94.2729962429443,81.75135,0.032386713,0.00024221659,0.1807388,0.0040388675,1.0
3900000,1.3523841,186.5375,31.692535,93.29100704267621,93.29100704267621,75.37054,0.031543,0.00024175008,0.18058339,0.004031109,1.0
3930000,1.3520217,218.05839416058393,33.50759,111.74114715661446,111.74114715661446,83.62859,0.030796621,0.00024128027,0.18042672,0.004023295,1.0
3960000,1.3521963,218.04379562043795,33.1627,111.19461437037391,111.19461437037391,74.038246,0.032778006,0.0002408136,0.1802712,0.0040155333,1.0
3990000,1.352329,214.84172661870502,33.073467,107.78843061529476,107.78843061529476,89.90654,0.033229854,0.00024035192,0.18011731,0.0040078526,1.0
4020000,1.3526334,205.79310344827587,33.45622,102.8488039748422,102.8488039748422,85.146065,0.028299592,0.00023988547,0.17996179,0.004000095,1.0
4050000,1.3527112,230.72857142857143,34.25918,111.5088125691378,111.5088125691378,73.3552,0.031421162,0.00023941993,0.17980665,0.00399235,1.0
4080000,1.3526164,220.70634920634922,33.993847,112.55457766970298,112.55457766970298,85.07989,0.031617776,0.00023895511,0.1796517,0.0039846203,1.0
4110000,1.3524584,196.8,34.42365,99.58253270149231,99.58253270149231,86.515594,0.03055763,0.0002386449,0.1795483,0.0039794594,1.0
4140000,1.3522077,235.13385826771653,34.76487,118.39886134815967,118.39886134815967,90.75111,0.03045556,0.00023817937,0.17939311,0.0039717173,1.0
4170000,1.3519607,270.0450450450451,34.13053,133.7751619117754,133.7751619117754,82.548676,0.03252901,0.00023771603,0.1792387,0.003964009,1.0
4200000,1.3515253,253.675,35.77046,126.61327032446862,126.61327032446862,90.97627,0.033240248,0.00023725338,0.17908448,0.003956314,1.0
4230000,1.3514947,256.6666666666667,36.22038,133.72995745299156,133.72995745299156,87.34113,0.032016996,0.00023678534,0.1789284,0.003948527,1.0
4260000,1.3513073,244.7704918032787,37.285595,123.09848239578184,123.09848239578184,87.33354,0.030419393,0.00023631961,0.17877318,0.0039407825,1.0
4290000,1.3511026,232.54961832061068,35.79116,111.57677692220412,111.57677692220412,86.67435,0.030674988,0.00023585741,0.17861907,0.003933094,1.0
4320000,1.35091,228.8139534883721,35.723175,118.87961687360492,118.87961687360492,91.41443,0.030073026,0.00023539466,0.17846489,0.003925397,1.0
4350000,1.3510239,245.44262295081967,37.611446,119.14899250507355,119.14899250507355,84.814125,0.027961934,0.00023492519,0.17830841,0.0039175884,1.0
4380000,1.350777,240.8409090909091,36.84645,120.66066961903726,120.66066961903726,87.65059,0.030684944,0.0002344553,0.17815179,0.0039097723,1.0
4410000,1.350857,270.92233009708735,38.097004,136.13518795666394,136.13518795666394,92.869255,0.03145742,0.00023399123,0.17799708,0.0039020542,1.0
4440000,1.3507752,273.36036036036035,39.293324,136.15938855291486,136.15938855291486,89.01894,0.031199139,0.00023367959,0.17789319,0.00389687,1.0
4470000,1.35045,238.14634146341464,37.48255,121.0079634073304,121.0079634073304,96.361176,0.030225199,0.0002332076,0.17773587,0.0038890191,1.0
4500000,1.3505954,280.7830188679245,39.546078,143.8396101869502,143.8396101869502,98.8542,0.029143907,0.00023274074,0.17758027,0.0038812535,1.0
4530000,1.3503859,247.83471074380165,38.02084,124.9171511319058,124.9171511319058,95.91994,0.031513933,0.00023227648,0.1774255,0.0038735312,1.0
4560000,1.3502936,295.0990099009901,40.14807,149.6851501762867,149.6851501762867,99.901276,0.030894395,0.00023180868,0.17726952,0.0038657503,1.0
4590000,1.3499979,267.3613445378151,40.14763,129.97971500582614,129.97971500582614,93.496185,0.031463232,0.00023134638,0.17711546,0.0038580603,1.0
4620000,1.3494529,287.33673469387753,41.236717,153.0835429096222,153.0835429096222,96.928764,0.027857073,0.00023087296,0.17695764,0.0038501853,1.0
4650000,1.3494576,270.72072072072075,37.750744,136.34721404206644,136.34721404206644,94.69396,0.029864835,0.00023055884,0.17685299,0.0038449618,1.0
4680000,1.3494204,294.73267326732673,40.989464,151.31421063678098,151.31421063678098,100.11447,0.028381981,0.00023008337,0.17669442,0.0038370513,1.0
4710000,1.3494631,234.88888888888889,39.731907,114.82955714823707,114.82955714823707,83.91423,0.032945704,0.00022961567,0.17653853,0.0038292727,1.0
4740000,1.3493631,280.8130841121495,41.687496,145.71888754300983,145.71888754300983,93.30284,0.032160264,0.00022914825,0.17638269,0.0038214987,1.0
4770000,1.3492361,276.0925925925926,42.06375,139.71810994987135,139.71810994987135,97.58725,0.03155225,0.00022868406,0.17622802,0.0038137783,1.0
4800000,1.3492403,272.8545454545455,40.471348,136.26721747571773,136.26721747571773,95.860016,0.03293419,0.00022821984,0.17607327,0.003806056,1.0
4830000,1.349037,281.24528301886795,41.952328,142.49443376289224,142.49443376289224,94.26687,0.03096888,0.00022775072,0.17591684,0.003798253,1.0
4860000,1.3490106,258.14529914529913,41.938507,127.38553918936314,127.38553918936314,95.46541,0.03344646,0.00022728823,0.17576271,0.0037905592,1.0
4890000,1.3493385,298.55555555555554,42.655746,149.64740599767126,149.64740599767126,91.884865,0.03161314,0.00022682671,0.17560883,0.003782883,1.0
4920000,1.3493818,310.3529411764706,41.54149,165.68299088325907,165.68299088325907,95.85307,0.030300863,0.00022636162,0.17545387,0.0037751473,1.0
4950000,1.349572,275.8921568627451,42.12471,136.09551170522516,136.09551170522516,93.70326,0.032144032,0.00022589522,0.17529836,0.003767389,1.0
4980000,1.3495449,347.5632183908046,44.55281,176.02976030042802,176.02976030042802,95.19985,0.031885535,0.0002255743,0.17519143,0.003762052,1.0
5010000,1.3497974,327.45652173913044,44.822994,167.48923003414401,167.48923003414401,100.38927,0.03161896,0.0002250968,0.17503223,0.0037541103,1.0
5040000,1.349847,348.74117647058824,43.970573,177.1628023371977,177.1628023371977,89.80449,0.030568989,0.00022463308,0.17487767,0.0037463957,1.0
5070000,1.3499812,305.5959595959596,44.552498,153.29254849510963,153.29254849510963,97.75473,0.029686939,0.00022416873,0.17472291,0.0037386725,1.0
5100000,1.3499409,271.1666666666667,44.476738,143.53483020376277,143.53483020376277,103.11845,0.028606227,0.00022370095,0.17456703,0.0037308922,1.0
5130000,1.3496656,325.0531914893617,45.457016,161.13599475393903,161.13599475393903,100.11496,0.031440925,0.00022323217,0.17441073,0.0037230947,1.0
5160000,1.3495828,336.7011494252874,45.93401,175.82744885039057,175.82744885039057,104.09592,0.026720501,0.00022276206,0.17425399,0.003715275,1.0
5190000,1.3498049,300.3939393939394,45.90667,154.66965878371036,154.66965878371036,111.20662,0.027690686,0.00022244723,0.17414905,0.003710038,1.0
5220000,1.3499902,378.9113924050633,47.539978,196.86674922780145,196.86674922780145,103.39662,0.029280813,0.00022198353,0.17399451,0.0037023253,1.0
5250000,1.3499532,308.58762886597935,45.972904,157.1588574500428,157.1588574500428,96.72678,0.030746175,0.00022152129,0.17384046,0.0036946377,1.0
5280000,1.349611,279.3738317757009,43.647175,138.54029337713652,138.54029337713652,103.160866,0.028008942,0.00022104594,0.17368197,0.0036867298,1.0
5310000,1.34956,337.0112359550562,46.550694,171.4362704994973,171.4362704994973,99.58633,0.031875353,0.00022057904,0.17352632,0.0036789633,1.0
5340000,1.3493662,365.5542168674699,47.722507,185.5709994959544,185.5709994959544,101.25047,0.029748406,0.00022010991,0.17337,0.0036711611,1.0
5370000,1.3492666,395.29333333333335,47.802483,203.8137355295817,203.8137355295817,97.96306,0.029053476,0.00021964639,0.17321543,0.003663451,1.0
5400000,1.3489324,373.44086021505376,49.455025,187.49146429314672,187.49146429314672,97.24576,0.029233351,0.00021918215,0.17306069,0.003655729,1.0
5430000,1.3488842,370.17391304347825,49.35193,198.81646250471283,198.81646250471283,98.94236,0.029541263,0.00021871779,0.1729059,0.0036480047,1.0
5460000,1.3489387,296.5656565656566,46.98204,155.09624377163973,155.09624377163973,96.71814,0.030505475,0.00021840988,0.1728033,0.0036428822,1.0
5490000,1.3492483,335.4719101123595,47.18766,175.32196159577103,175.32196159577103,107.141716,0.030080322,0.00021794144,0.17264712,0.0036350917,1.0
5520000,1.3492242,305.09,49.553417,154.69069982290267,154.69069982290267,116.21426,0.032877624,0.00021747776,0.17249255,0.0036273797,1.0
5550000,1.3490279,381.05194805194805,49.025955,207.1423552067249,207.1423552067249,105.55643,0.028086737,0.00021700902,0.17233633,0.003619582,1.0
5580000,1.3486859,331.9888888888889,48.38829,178.40858780940374,178.40858780940374,106.92937,0.029287122,0.00021654212,0.17218068,0.0036118159,1.0
5610000,1.3486415,312.78350515463916,47.660065,157.52756407826217,157.52756407826217,106.31103,0.030583367,0.00021607944,0.17202649,0.0036041208,1.0
5640000,1.3487684,384.6923076923077,49.42321,200.05240244743152,200.05240244743152,99.90251,0.030536784,0.0002156123,0.17187074,0.00359635,1.0
5670000,1.3486378,382.58620689655174,51.255768,209.349163728875,209.349163728875,103.34309,0.030725297,0.00021513904,0.17171302,0.0035884783,1.0
5700000,1.3482152,290.5777777777778,49.63609,158.54577157735824,158.54577157735824,106.36829,0.029872667,0.00021467185,0.17155729,0.0035807071,1.0
5730000,1.3479837,338.4742268041237,49.90963,172.5608034114043,172.5608034114043,110.289795,0.030460566,0.00021420914,0.17140305,0.0035730111,1.0
5760000,1.3481431,334.5,50.983044,180.71259717283579,180.71259717283579,108.879005,0.030680196,0.0002137367,0.17124555,0.0035651533,1.0
5790000,1.3481023,347.1363636363636,52.097256,185.49809287894857,185.49809287894857,107.54939,0.030380515,0.00021342823,0.17114268,0.003560021,1.0
5820000,1.3482802,331.7142857142857,51.497993,175.18229895895655,175.18229895895655,103.579956,0.028801687,0.00021296073,0.17098689,0.0035522464,1.0
5850000,1.3482356,350.28915662650604,51.493633,191.11043468297245,191.11043468297245,107.212204,0.029974934,0.0002124986,0.17083281,0.00354456,1.0
5880000,1.3478938,332.14444444444445,51.330223,177.10066680908204,177.10066680908204,117.47058,0.029465422,0.00021203273,0.17067757,0.0035368106,1.0
5910000,1.3476351,366.1463414634146,53.372063,199.18615020775212,199.18615020775212,112.53951,0.026743863,0.00021155895,0.17051968,0.0035289302,1.0
5940000,1.3477054,327.4835164835165,51.998703,171.59438839587537,171.59438839587537,116.86316,0.030779276,0.00021109209,0.17036398,0.0035211635,1.0
5970000,1.3479869,366.7926829268293,54.31694,199.0191536356763,199.0191536356763,117.499115,0.028968092,0.00021061987,0.17020659,0.0035133085,1.0
6000000,1.3481131,322.0485436893204,52.20984,173.8938410974318,173.8938410974318,115.88847,0.030060155,0.0002101566,0.17005217,0.0035056043,1.0
6030000,1.3482089,401.09090909090907,53.42218,210.60321358473678,210.60321358473678,114.68684,0.02923763,0.00020969295,0.16989762,0.003497892,1.0
6060000,1.3481524,351.7325581395349,54.085392,188.87542223375897,188.87542223375897,117.14178,0.029862737,0.0002093855,0.16979513,0.003492778,1.0
6090000,1.3475262,383.52564102564105,53.74762,208.54974032059695,208.54974032059695,111.849655,0.028567124,0.00020891766,0.1696392,0.003484996,1.0
6120000,1.3475707,381.2125,53.641705,208.81477141976356,208.81477141976356,119.1533,0.028233277,0.00020845389,0.16948462,0.0034772826,1.0
6150000,1.3475629,330.67045454545456,55.158566,186.80348214100707,186.80348214100707,120.78691,0.030582272,0.00020798692,0.16932894,0.0034695151,1.0
6180000,1.3473678,392.64473684210526,55.21061,214.0604112775702,214.0604112775702,119.627304,0.03180711,0.0002075156,0.16917185,0.0034616755,1.0
6210000,1.3472602,372.67469879518075,56.21053,205.52169545491537,205.52169545491537,115.96147,0.027212486,0.00020704896,0.16901627,0.0034539136,1.0
6240000,1.3471831,368.358024691358,55.791058,199.3362629672131,199.3362629672131,120.74668,0.027806051,0.00020657248,0.16885751,0.0034459883,1.0
6270000,1.3472023,368.5111111111111,54.370758,201.17282611352425,201.17282611352425,118.714714,0.029162683,0.00020610727,0.1687024,0.0034382497,1.0
6300000,1.3471766,426.8196721311475,56.68976,239.90776413508823,239.90776413508823,104.7798,0.030151594,0.00020563217,0.168544,0.0034303467,1.0
6330000,1.3473531,348.9294117647059,54.68241,184.38737408974592,184.38737408974592,116.15801,0.03015559,0.00020532348,0.16844116,0.003425212,1.0
6360000,1.3474646,440.6617647058824,57.159714,250.02956466990358,250.02956466990358,112.78787,0.030355554,0.00020486035,0.16828673,0.0034175096,1.0
6390000,1.3475027,410.63013698630135,57.654987,228.86596101604096,228.86596101604096,116.271385,0.03033328,0.00020439657,0.16813222,0.0034097955,1.0
6420000,1.3475357,358.5,56.41026,195.9723249588694,195.9723249588694,116.19116,0.027731568,0.00020392826,0.16797608,0.0034020059,1.0
6450000,1.3474847,369.7682926829268,56.091946,201.17581486120457,201.17581486120457,114.32232,0.028043598,0.0002034489,0.16781627,0.0033940326,1.0
6480000,1.3474714,385.5921052631579,56.573353,221.73808519999187,221.73808519999187,121.34891,0.0301284,0.00020298688,0.16766231,0.0033863476,1.0
6510000,1.3476307,356.4470588235294,56.162865,196.3326994194541,196.3326994194541,125.76616,0.029292814,0.00020251246,0.16750418,0.0033784572,1.0
6540000,1.3476281,410.5833333333333,57.99113,240.30916459527282,240.30916459527282,119.58778,0.0298608,0.00020219931,0.16739978,0.0033732478,1.0
6570000,1.347861,453.1363636363636,59.990475,245.63472296974876,245.63472296974876,118.82164,0.030525278,0.00020172624,0.16724205,0.003365378,1.0
6600000,1.3478668,409.14666666666665,58.663708,234.6581437007801,234.6581437007801,105.88991,0.029470202,0.00020126018,0.16708669,0.0033576267,1.0
6630000,1.3479875,421.5217391304348,58.96649,231.90616283416747,231.90616283416747,116.90459,0.029281052,0.0002007929,0.16693094,0.0033498546,1.0
6660000,1.3480345,467.8636363636364,59.652096,262.1072101015033,262.1072101015033,118.327866,0.02703712,0.00020032622,0.16677538,0.003342092,1.0
6690000,1.3476932,385.25,59.945744,224.10286134084066,224.10286134084066,108.03381,0.025464043,0.0001998556,0.16661853,0.003334264,1.0
6720000,1.3479452,446.4029850746269,60.014256,248.1735955546884,248.1735955546884,118.309715,0.027477019,0.00019938764,0.1664625,0.0033264803,1.0
6750000,1.3478869,408.59493670886076,57.800182,217.43828942139945,217.43828942139945,120.307556,0.02736558,0.00019891743,0.1663058,0.0033186583,1.0
6780000,1.3477365,462.8688524590164,61.75271,274.08083097751324,274.08083097751324,110.335175,0.026363218,0.00019843974,0.1661466,0.0033107128,1.0
6810000,1.347582,477.11475409836066,61.803654,283.9523564860469,283.9523564860469,114.24062,0.028856434,0.00019812975,0.16604325,0.0033055572,1.0
6840000,1.3477306,432.15492957746477,63.12877,244.48066930367912,244.48066930367912,110.49042,0.02717838,0.00019765142,0.16588384,0.0032976014,1.0
6870000,1.3476,405.4109589041096,61.79208,237.76682804028192,237.76682804028192,125.44505,0.028535377,0.00019717838,0.16572614,0.003289734,1.0
6900000,1.3474674,448.65671641791045,61.58968,249.77164229793826,249.77164229793826,117.360344,0.025764244,0.00019670233,0.16556743,0.003281814,1.0
6930000,1.3473057,433.0,62.442497,252.15690271994646,252.15690271994646,118.500824,0.028654495,0.00019623242,0.16541082,0.0032739986,1.0
6960000,1.3473278,401.6986301369863,63.53986,241.58806652636142,241.58806652636142,122.91316,0.028247487,0.00019576422,0.16525474,0.003266211,1.0
6990000,1.3471351,454.969696969697,64.30984,257.5010676528468,257.5010676528468,121.3676,0.026547562,0.00019529594,0.16509864,0.0032584213,1.0
7020000,1.3470008,521.6551724137931,66.11795,303.98124208121465,303.98124208121465,110.145355,0.027117547,0.00019498859,0.16499618,0.0032533093,1.0
7050000,1.3467966,465.4375,65.70776,278.70121800899506,278.70121800899506,113.876564,0.026507381,0.00019451976,0.1648399,0.0032455106,1.0
7080000,1.3467029,450.3636363636364,65.98596,269.8386844432715,269.8386844432715,121.84255,0.029604178,0.00019404355,0.16468114,0.0032375904,1.0
7110000,1.3466878,442.2352941176471,64.63964,259.7449208357755,259.7449208357755,126.38594,0.028852655,0.00019357036,0.16452342,0.0032297187,1.0
7140000,1.3464386,401.63513513513516,64.51791,235.76708493361602,235.76708493361602,128.51958,0.027673952,0.00019310323,0.16436772,0.0032219498,1.0
7170000,1.3461424,480.42028985507244,65.2205,271.0082469970461,271.0082469970461,126.141205,0.02630549,0.00019263435,0.16421145,0.0032141507,1.0
7200000,1.3460085,457.8474576271187,64.926254,268.9870963023259,268.9870963023259,112.81632,0.027242588,0.00019217099,0.16405696,0.003206444,1.0
7230000,1.3460767,423.0779220779221,67.259865,254.87441173069914,254.87441173069914,127.45738,0.025092829,0.00019170757,0.16390252,0.003198735,1.0
7260000,1.3457818,521.0384615384615,68.78018,302.6309570444041,302.6309570444041,120.758,0.028229808,0.000191234,0.1637446,0.0031908576,1.0
7290000,1.3455099,428.5211267605634,68.41138,256.85947052861604,256.85947052861604,121.208725,0.02598962,0.00019091634,0.16363874,0.0031855733,1.0
7320000,1.3455904,443.95522388059703,67.74966,268.0359286265587,268.0359286265587,126.80937,0.02630013,0.00019044639,0.1634821,0.0031777574,1.0
7350000,1.3454711,471.22222222222223,67.45672,276.9709749221802,276.9709749221802,108.09425,0.029736165,0.00018997949,0.16332644,0.0031699906,1.0
7380000,1.3455017,419.2112676056338,67.775635,242.97612767823986,242.97612767823986,124.27092,0.02928987,0.0001895093,0.16316973,0.0031621708,1.0
7410000,1.3454086,435.7,64.99336,256.26383160523005,256.26383160523005,117.187836,0.027119687,0.00018904691,0.16301566,0.0031544797,1.0
7440000,1.345238,501.5,67.58891,310.92647910118103,310.92647910118103,109.009796,0.02639602,0.0001885821,0.16286069,0.0031467483,1.0
7470000,1.3449119,442.5,67.2065,252.11883760535198,252.11883760535198,138.28546,0.026566472,0.00018811891,0.1627063,0.0031390435,1.0
7500000,1.3446631,553.7592592592592,68.36811,339.48888089038707,339.48888089038707,109.263565,0.026383216,0.00018780258,0.16260086,0.0031337817,1.0
7530000,1.3442297,559.8518518518518,68.92873,334.17549502408065,334.17549502408065,106.39629,0.027272295,0.00018733669,0.16244555,0.0031260327,1.0
7560000,1.3441179,521.3333333333334,71.356735,322.44636726379395,322.44636726379395,120.67602,0.027273256,0.00018686015,0.16228673,0.0031181064,1.0
7590000,1.3438146,442.5507246376812,68.78264,256.56101655269015,256.56101655269015,115.546745,0.028210482,0.00018639748,0.16213247,0.0031104109,1.0
7620000,1.3435879,510.20338983050846,69.48021,305.29560164273795,305.29560164273795,118.22385,0.026543899,0.00018593002,0.16197668,0.0031026353,1.0
7650000,1.3434207,540.2181818181818,71.55261,329.8725647319447,329.8725647319447,112.72356,0.026253253,0.00018546573,0.16182189,0.0030949132,1.0
7680000,1.3434503,492.23333333333335,71.05161,304.2662076155345,304.2662076155345,128.67574,0.0244197,0.00018499552,0.16166511,0.00308709,1.0
7710000,1.3431704,483.203125,70.911766,296.2029661585073,296.2029661585073,110.180565,0.025781535,0.00018452178,0.16150725,0.0030792109,1.0
7740000,1.3429368,533.3818181818182,72.73457,310.998020517415,310.998020517415,113.571236,0.021906128,0.00018405213,0.1613507,0.003071399,1.0
7770000,1.3428304,499.9491525423729,71.69414,307.0336275585627,307.0336275585627,118.49076,0.026638007,0.0001837346,0.16124485,0.0030661176,1.0
7800000,1.3426381,524.8245614035088,71.67656,317.9297841891908,317.9297841891908,113.37625,0.026490973,0.00018327084,0.16109024,0.0030584037,1.0
7830000,1.3426257,582.0,73.59677,343.1460935519292,343.1460935519292,112.58384,0.023883615,0.0001828013,0.16093369,0.003050594,1.0
7860000,1.3428116,484.61290322580646,72.761375,293.2276931578113,293.2276931578113,109.45093,0.027764615,0.00018233327,0.16077775,0.0030428092,1.0
7890000,1.3427494,518.051724137931,72.17124,307.5013663522128,307.5013663522128,102.01306,0.02583881,0.0001818701,0.16062337,0.0030351053,1.0
7920000,1.3423854,530.3333333333334,75.3209,338.71264475363273,338.71264475363273,124.624374,0.02454927,0.00018138709,0.16046236,0.0030270717,1.0
7950000,1.34217,456.875,73.61397,265.7937156452852,265.7937156452852,124.43162,0.022925783,0.00018091401,0.16030462,0.003019201,1.0
7980000,1.3420777,651.5869565217391,74.38842,401.71468972641486,401.71468972641486,116.43205,0.026326628,0.00018059269,0.16019756,0.0030138567,1.0
8010000,1.3419241,479.7258064516129,74.52829,300.33392880808924,300.33392880808924,112.72272,0.028273046,0.00018011703,0.160039,0.0030059465,1.0
8040000,1.3420049,503.7457627118644,73.604904,304.7727830854513,304.7727830854513,117.19482,0.02635152,0.00017964053,0.15988016,0.0029980193,1.0
8070000,1.3418499,621.5686274509804,75.83451,389.0973039889822,389.0973039889822,111.4888,0.025306527,0.00017916199,0.15972064,0.0029900596,1.0
8100000,1.3416209,506.6607142857143,75.09441,311.8245389050451,311.8245389050451,107.97063,0.023333002,0.00017868188,0.15956064,0.0029820746,1.0
8130000,1.3414314,494.6461538461538,74.56696,304.95353117145476,304.95353117145476,116.26708,0.027116895,0.0001782139,0.15940464,0.0029742902,1.0
8160000,1.3411878,505.2181818181818,74.38216,310.486245995861,310.486245995861,112.12912,0.024628622,0.00017775182,0.1592506,0.0029666047,1.0
8190000,1.3410896,493.1639344262295,75.01255,300.61478515531195,300.61478515531195,114.47255,0.023792451,0.00017742752,0.15914248,0.00296121,1.0
8220000,1.3409461,584.6470588235294,77.37029,376.19047843942457,376.19047843942457,124.346054,0.025389781,0.00017696363,0.15898786,0.0029534935,1.0
8250000,1.3405424,495.85,76.3999,312.7973921775818,312.7973921775818,112.7644,0.027971374,0.00017649271,0.15883093,0.0029456615,1.0
8280000,1.3404019,538.2631578947369,76.862144,320.6789128152948,320.6789128152948,120.03467,0.025503078,0.00017602099,0.15867366,0.0029378142,1.0
8310000,1.3400614,533.3818181818182,77.62144,340.6020059856501,340.6020059856501,120.72056,0.024348585,0.0001755535,0.15851782,0.0029300386,1.0
8340000,1.3395602,574.2727272727273,80.22246,376.01513761520386,376.01513761520386,108.67108,0.025038388,0.00017507917,0.15835968,0.002922149,1.0
8370000,1.339299,602.2765957446809,77.768814,360.1997854090654,360.1997854090654,110.65981,0.025417855,0.00017461131,0.15820374,0.002914367,1.0
8400000,1.339222,616.3061224489796,79.37745,376.5018091785664,376.5018091785664,103.07144,0.024536312,0.00017429084,0.15809692,0.002909036,1.0
8430000,1.3389255,532.9285714285714,78.01988,333.0435560941696,333.0435560941696,106.236465,0.025350383,0.00017381461,0.15793818,0.002901115,1.0
8460000,1.3388137,606.795918367347,79.57972,368.8616057415398,368.8616057415398,114.14388,0.02650957,0.00017334691,0.15778226,0.0028933354,1.0
8490000,1.3386422,612.7551020408164,80.408066,392.5114279766472,392.5114279766472,96.36478,0.02515837,0.0001728732,0.1576244,0.0028854567,1.0
8520000,1.3386889,595.4705882352941,80.67393,365.36881628223495,365.36881628223495,118.19307,0.0242949,0.00017240559,0.1574685,0.00287768,1.0
8550000,1.3388265,499.35593220338984,79.6435,322.0842444856288,322.0842444856288,113.7791,0.02396189,0.0001719418,0.15731388,0.0028699636,1.0
8580000,1.3387932,533.1052631578947,79.65717,335.9156308759723,335.9156308759723,142.44507,0.023492152,0.00017147594,0.15715863,0.002862215,1.0
8610000,1.3387705,506.6393442622951,80.90485,343.0928226198469,343.0928226198469,120.25601,0.024071982,0.00017101015,0.15700334,0.0028544683,1.0
8640000,1.3387861,565.6078431372549,78.93235,337.2293683982321,337.2293683982321,124.13431,0.023420671,0.00017054757,0.1568492,0.0028467749,1.0
8670000,1.338554,547.0370370370371,82.449455,344.3306744893392,344.3306744893392,119.14051,0.024758758,0.00017023654,0.1567455,0.0028416002,1.0
8700000,1.3384405,566.0566037735849,79.695175,365.62745231952306,365.62745231952306,123.0023,0.025725242,0.00016977242,0.15659079,0.0028338805,1.0
8730000,1.3383187,539.9642857142857,79.80829,335.689311512879,335.689311512879,129.0384,0.025144504,0.00016930459,0.15643485,0.0028260974,1.0
8760000,1.3382748,605.9074074074074,82.772194,394.0958311217172,394.0958311217172,111.18729,0.023700517,0.00016882671,0.15627557,0.0028181504,1.0
8790000,1.3382589,548.4489795918367,83.11769,354.02997885810004,354.02997885810004,115.66369,0.026934786,0.00016836151,0.15612045,0.0028104114,1.0
8820000,1.3379773,556.9454545454546,82.30626,351.57655492262404,351.57655492262404,117.865265,0.023411889,0.00016788369,0.15596122,0.0028024637,1.0
8850000,1.3378693,510.41379310344826,82.88709,329.462627443774,329.462627443774,135.99252,0.024942819,0.00016741728,0.15580572,0.0027947058,1.0
8880000,1.3377234,530.6290322580645,84.33235,332.6474454200874,332.6474454200874,136.84038,0.024791155,0.00016695465,0.15565154,0.0027870107,1.0
8910000,1.3373806,574.0425531914893,83.875946,383.1661325740814,383.1661325740814,109.319405,0.022681324,0.00016649158,0.15549715,0.002779308,1.0
8940000,1.3371446,623.8541666666666,83.939545,392.83381338914234,392.83381338914234,113.54482,0.02402198,0.0001661835,0.15539451,0.0027741855,1.0
8970000,1.3368348,605.04,84.49383,387.3555964279175,387.3555964279175,119.92532,0.024155907,0.00016571952,0.15523982,0.0027664672,1.0
9000000,1.3368263,579.0192307692307,85.43739,371.9557134921734,371.9557134921734,107.62762,0.025738474,0.00016524651,0.15508218,0.0027585998,1.0
9030000,1.3368582,616.4375,84.96106,394.6796897649765,394.6796897649765,116.94032,0.021438956,0.00016478288,0.15492761,0.002750887,1.0
9060000,1.3369254,708.0697674418604,86.96982,454.3019709032635,454.3019709032635,101.07117,0.02197717,0.00016431573,0.15477188,0.0027431177,1.0
9090000,1.3371099,588.3269230769231,86.611916,386.9553857707977,386.9553857707977,113.58229,0.024330407,0.00016384415,0.15461472,0.0027352732,1.0
9120000,1.3370456,633.0869565217391,86.91388,403.77823680639267,403.77823680639267,110.91302,0.023937752,0.00016337728,0.15445906,0.0027275078,1.0
9150000,1.3368795,596.25,86.37472,375.5522179506263,375.5522179506263,109.74986,0.025223585,0.0001629134,0.15430444,0.002719792,1.0
9180000,1.3368198,684.1190476190476,88.560455,439.4232799106174,439.4232799106174,109.52831,0.023825867,0.00016243667,0.15414555,0.0027118623,1.0
9210000,1.3366143,624.2553191489362,88.61715,401.2771558558687,401.2771558558687,89.443115,0.025142131,0.00016211632,0.15403877,0.0027065345,1.0
9240000,1.3364956,698.7906976744187,89.977936,458.1189349862032,458.1189349862032,105.88652,0.022597307,0.00016164695,0.15388232,0.0026987272,1.0
9270000,1.336307,519.7931034482758,86.47753,331.88741624766385,331.88741624766385,128.43204,0.023215538,0.00016118151,0.15372713,0.0026909846,1.0
9300000,1.3362045,634.5957446808511,88.22906,412.3574210227804,412.3574210227804,119.452255,0.023026098,0.00016070937,0.15356976,0.002683132,1.0
9330000,1.336255,695.6046511627907,90.443085,445.29556094768435,445.29556094768435,113.836555,0.023776356,0.00016023924,0.1534131,0.0026753119,1.0
9360000,1.336024,554.1186440677966,88.71,366.59482666362413,366.59482666362413,117.60086,0.023479773,0.00015976923,0.15325642,0.0026674941,1.0
9390000,1.335778,580.4888888888889,88.800705,390.64977195739743,390.64977195739743,112.30741,0.020179238,0.00015930682,0.15310225,0.0026598026,1.0
9420000,1.3356559,586.9019607843137,90.610275,372.67938737308276,372.67938737308276,136.80072,0.023483178,0.00015899334,0.15299778,0.0026545876,1.0
9450000,1.3352842,662.7872340425532,88.58704,440.3639722596044,440.3639722596044,104.07585,0.023646109,0.00015852741,0.15284245,0.002646839,1.0
9480000,1.335097,643.5217391304348,90.7615,423.79674213490586,423.79674213490586,129.07071,0.023738345,0.0001580616,0.15268715,0.0026390902,1.0
9510000,1.3347696,589.68,91.05616,389.0405863189697,389.0405863189697,110.7987,0.020989865,0.00015759394,0.15253127,0.002631311,1.0
9540000,1.3346407,610.9795918367347,91.41503,392.7643923078264,392.7643923078264,122.836784,0.020741288,0.00015711629,0.15237205,0.0026233655,1.0
9570000,1.334585,644.2608695652174,90.3375,432.21598416826,432.21598416826,111.54941,0.023677617,0.00015665378,0.15221791,0.0026156737,1.0
9600000,1.3347452,537.5535714285714,88.63954,342.139260557081,342.139260557081,135.55067,0.023930749,0.00015618242,0.1520608,0.0026078343,1.0
9630000,1.3347,636.8490566037735,91.69413,427.68707169877723,427.68707169877723,109.789536,0.023605954,0.00015570965,0.15190318,0.0025999695,1.0
9660000,1.3345276,616.9761904761905,91.77592,412.46598128477734,412.46598128477734,117.51822,0.021749975,0.00015524245,0.15174742,0.002592198,1.0
9690000,1.33431,591.2941176470588,93.077034,382.04082990160174,382.04082990160174,132.24786,0.020659393,0.00015493119,0.15164372,0.0025870213,1.0
9720000,1.334307,692.4883720930233,93.81527,463.26167661090227,463.26167661090227,112.93294,0.023711782,0.00015446293,0.15148762,0.0025792322,1.0
9750000,1.3345547,651.695652173913,94.786194,433.2438382687776,433.2438382687776,100.12666,0.02487624,0.00015399682,0.15133224,0.002571479,1.0
9780000,1.3344612,637.1063829787234,93.55693,423.4693920751835,423.4693920751835,117.49957,0.022482596,0.00015352086,0.15117359,0.0025635625,1.0
9810000,1.3342125,664.2888888888889,94.193436,448.0549094200134,448.0549094200134,83.073044,0.022340301,0.00015305089,0.15101697,0.002555745,1.0
9840000,1.3338925,658.2549019607843,95.36345,448.11367350039274,448.11367350039274,113.169785,0.024477774,0.00015257989,0.15085992,0.0025479116,1.0
9870000,1.3336585,626.7441860465116,94.84458,416.07553029060364,416.07553029060364,105.52871,0.022106262,0.0001521068,0.15070225,0.0025400424,1.0
9900000,1.3335103,596.9,94.39192,399.37570291519165,399.37570291519165,118.14646,0.022884432,0.00015178774,0.15059586,0.0025347343,1.0
9930000,1.3334786,601.2857142857143,95.01023,412.60043723242626,412.60043723242626,121.63008,0.02107298,0.00015131937,0.1504398,0.002526945,1.0
9960000,1.3332717,618.7142857142857,96.25027,409.236075265067,409.236075265067,106.51324,0.0251998,0.00015085416,0.15028471,0.0025192057,1.0
9990000,1.3330657,637.4081632653061,95.765884,440.1256885934383,440.1256885934383,115.627754,0.023602542,0.00015038149,0.15012714,0.0025113444,1.0
10020000,1.3328191,594.7083333333334,94.91605,407.65866508483884,407.65866508483884,114.82857,0.022346072,0.00014991438,0.14997146,0.0025035746,1.0
10050000,1.3326783,586.0196078431372,98.162735,401.32764935960955,401.32764935960955,126.53999,0.02268371,0.00014945274,0.14981756,0.002495896,1.0
10080000,1.3327748,682.1818181818181,96.28733,447.10038276152176,447.10038276152176,102.29981,0.020928958,0.00014899058,0.1496635,0.0024882087,1.0
10110000,1.3327636,571.8421052631579,97.17796,372.15322554552995,372.15322554552995,133.98822,0.022425551,0.00014851918,0.14950636,0.0024803681,1.0
10140000,1.3325489,660.6585365853658,96.75414,439.04693958976054,439.04693958976054,118.9804,0.020992165,0.00014805188,0.14935061,0.002472595,1.0
10170000,1.3324049,654.5869565217391,98.11391,450.36248202945876,450.36248202945876,94.60824,0.02358931,0.00014774446,0.14924812,0.002467482,1.0
10200000,1.3320765,607.9591836734694,100.444916,424.14681541676424,424.14681541676424,127.17459,0.020681918,0.00014727731,0.14909242,0.0024597116,1.0
10230000,1.3318074,576.8269230769231,97.6679,371.42103293308844,371.42103293308844,140.5679,0.022372624,0.00014680767,0.14893585,0.0024518995,1.0
10260000,1.331771,559.574074074074,98.98001,381.5029082828098,381.5029082828098,129.64307,0.02171561,0.00014634398,0.1487813,0.0024441872,1.0
10290000,1.3316542,605.86,97.10076,408.4403697013855,408.4403697013855,124.055405,0.022685742,0.00014587898,0.1486263,0.0024364523,1.0
10320000,1.3314133,721.9512195121952,98.9348,502.8476832785257,502.8476832785257,102.040405,0.022724826,0.00014540652,0.14846885,0.002428594,1.0
10350000,1.3312927,675.4545454545455,100.111824,454.3398775187406,454.3398775187406,97.98152,0.023994021,0.00014493028,0.14831011,0.0024206727,1.0
10380000,1.3312553,603.9607843137255,100.2716,433.0904239018758,433.0904239018758,113.15643,0.02267645,0.00014446769,0.14815588,0.0024129776,1.0
10410000,1.331167,711.8809523809524,101.01617,451.99788835313586,451.99788835313586,136.5442,0.020898337,0.0001439986,0.1479995,0.0024051752,1.0
10440000,1.3310851,661.2444444444444,99.90024,443.90369317796495,443.90369317796495,101.74961,0.02450697,0.00014368333,0.14789441,0.0023999312,1.0
10470000,1.3308647,583.6538461538462,98.97791,390.25873879825366,390.25873879825366,127.01529,0.023471458,0.00014321707,0.147739,0.0023921763,1.0
10500000,1.3308042,624.7446808510638,101.41821,424.58567834397155,424.58567834397155,134.60942,0.021478225,0.0001427489,0.14758296,0.0023843884,1.0
10530000,1.3306569,622.2083333333334,98.78922,432.19440685709316,432.19440685709316,109.72708,0.019929718,0.00014227474,0.1474249,0.0023765024,1.0
10560000,1.3306006,706.7619047619048,103.26645,498.1987848735991,498.1987848735991,112.22456,0.020002905,0.00014179626,0.1472654,0.0023685442,1.0
10590000,1.3304518,697.7111111111111,102.99218,476.5545260005219,476.5545260005219,108.575424,0.022869915,0.00014133273,0.14711088,0.0023608329,1.0
10620000,1.3303155,573.38,101.22311,419.3121850857368,419.3121850857368,141.99074,0.021139912,0.00014087,0.14695664,0.002353137,1.0
10650000,1.3300614,766.0769230769231,103.689995,521.3784289237781,521.3784289237781,111.89683,0.017141404,0.00014055739,0.14685246,0.0023479376,1.0
10680000,1.3298715,620.3265306122449,102.70296,416.9873115773104,416.9873115773104,107.01659,0.02124817,0.00014009021,0.14669672,0.002340166,1.0
10710000,1.3298873,643.9130434782609,102.94651,435.37364776367724,435.37364776367724,119.40757,0.020825725,0.00013962449,0.1465415,0.0023324194,1.0
10740000,1.3300084,581.4423076923077,101.04447,402.84648543011906,402.84648543011906,130.52493,0.019813297,0.00013914405,0.14638135,0.0023244284,1.0
10770000,1.3296007,568.7115384615385,102.44627,396.3045407556138,396.3045407556138,140.82616,0.021459674,0.00013867271,0.14622422,0.0023165878,1.0
10800000,1.3294566,697.5813953488372,104.9016,483.7849232873251,483.7849232873251,118.61316,0.01976654,0.00013819966,0.14606655,0.0023087193,1.0
10830000,1.3290863,655.4130434782609,103.757454,452.58886561186415,452.58886561186415,85.510994,0.023161346,0.00013772145,0.14590712,0.0023007658,1.0
10860000,1.3289593,623.3958333333334,105.271736,434.01765122761327,434.01765122761327,133.18678,0.020070247,0.0001374108,0.14580354,0.0022955984,1.0
10890000,1.3289757,583.1730769230769,103.98555,410.0658150911331,410.0658150911331,130.92206,0.023915395,0.00013693368,0.14564452,0.0022876626,1.0
10920000,1.3289533,648.4222222222222,104.39774,455.7915284474691,455.7915284474691,115.24219,0.017688084,0.00013646467,0.14548822,0.0022798618,1.0
10950000,1.3288745,629.9375,104.7255,428.1496942838033,428.1496942838033,122.70495,0.019503932,0.00013599351,0.14533114,0.0022720243,1.0
10980000,1.3286031,605.0408163265306,104.3893,419.16190691140235,419.16190691140235,120.26928,0.021567011,0.00013552603,0.14517531,0.0022642487,1.0
11010000,1.3284893,646.2978723404256,106.08829,457.3905940106575,457.3905940106575,139.9938,0.02327749,0.00013505365,0.14501786,0.0022563909,1.0
11040000,1.3283844,596.88,105.291306,419.8316430604458,419.8316430604458,114.62394,0.02061479,0.00013457335,0.1448578,0.0022484022,1.0
11070000,1.3284104,694.1627906976744,106.304276,483.666209819705,483.666209819705,130.0014,0.021527026,0.0001342585,0.1447528,0.0022431647,1.0
11100000,1.3282297,642.265306122449,105.99219,444.15383291244507,444.15383291244507,123.50328,0.021501036,0.00013379156,0.14459714,0.002235398,1.0
11130000,1.3281221,575.4897959183673,106.747345,418.97890031814575,418.97890031814575,148.08633,0.020532366,0.00013331704,0.14443901,0.0022275064,1.0
11160000,1.3279536,606.18,107.78094,422.8951998901367,422.8951998901367,154.63168,0.020425847,0.00013284286,0.14428094,0.0022196188,1.0
11190000,1.3277291,741.95,107.729996,528.820136809349,528.820136809349,118.15882,0.02002977,0.0001323749,0.14412495,0.0022118345,1.0
11220000,1.327499,629.4166666666666,105.834694,427.07688587903976,427.07688587903976,108.05821,0.020526905,0.0001319082,0.14396936,0.0022040717,1.0
11250000,1.3273957,586.2264150943396,106.87969,406.7334516128668,406.7334516128668,108.30135,0.021336028,0.00013143725,0.14381237,0.002196238,1.0
11280000,1.327346,595.1509433962265,105.00348,414.85898015078374,414.85898015078374,157.11871,0.020097928,0.0001309727,0.14365754,0.0021885112,1.0
11310000,1.3270954,663.390243902439,108.74688,481.48520946502686,481.48520946502686,108.79984,0.02325691,0.0001305022,0.14350073,0.002180685,1.0
11340000,1.3271347,525.0350877192982,107.36955,365.2428807312982,365.2428807312982,154.73584,0.020930352,0.00013018165,0.14339384,0.0021753537,1.0
11370000,1.3271358,708.6976744186046,109.695984,494.72155052007633,494.72155052007633,143.28183,0.022733904,0.00012970738,0.14323579,0.0021674652,1.0
11400000,1.3272376,657.3333333333334,108.79589,467.29373042848374,467.29373042848374,112.497536,0.019157784,0.00012923118,0.14307705,0.0021595436,1.0
11430000,1.32719,632.7234042553191,107.13018,436.3398447138198,436.3398447138198,132.29083,0.021506552,0.00012876891,0.14292294,0.0021518546,1.0
11460000,1.3270372,736.5121951219512,111.32167,536.6601187543171,536.6601187543171,103.04403,0.023401145,0.0001283032,0.14276771,0.002144109,1.0
11490000,1.3269758,712.0,109.69327,500.4706890128908,500.4706890128908,113.11305,0.019572303,0.0001278334,0.1426111,0.0021362938,1.0
11520000,1.3269897,626.6904761904761,108.31183,439.909042229255,439.909042229255,108.87334,0.017740555,0.00012736038,0.14245342,0.002128426,1.0
11550000,1.3268607,667.3111111111111,111.98457,474.9305903116862,474.9305903116862,153.15576,0.020919243,0.00012703864,0.14234619,0.0021230741,1.0
11580000,1.3267698,714.4047619047619,110.34941,502.6981789271037,502.6981789271037,102.09129,0.020732531,0.00012656301,0.14218763,0.0021151637,1.0
11610000,1.3266728,716.5238095238095,111.96704,514.2735457647415,514.2735457647415,95.1054,0.01755172,0.00012609064,0.14203021,0.0021073068,1.0
11640000,1.3265789,588.843137254902,110.64317,416.5327406210058,416.5327406210058,130.96227,0.020682935,0.00012562168,0.14187388,0.0020995056,1.0
11670000,1.3265045,719.0731707317074,111.907974,511.65615798205863,511.65615798205863,119.96204,0.0204753,0.0001251569,0.14171892,0.0020917754,1.0
11700000,1.3265101,718.8888888888889,112.079445,523.1228113174438,523.1228113174438,113.166214,0.020531915,0.00012468686,0.14156228,0.0020839572,1.0
11730000,1.3262109,756.0,112.560165,512.6449642646603,512.6449642646603,89.13795,0.021282678,0.00012421167,0.14140387,0.0020760526,1.0
11760000,1.3260509,637.6808510638298,110.84952,446.6466636404078,446.6466636404078,111.32727,0.021535119,0.00012389389,0.1412979,0.002070767,1.0
11790000,1.3258528,611.4285714285714,111.129845,437.71140540376,437.71140540376,146.03851,0.021496132,0.00012341766,0.1411392,0.002062846,1.0
11820000,1.3257492,700.7045454545455,112.94946,503.9191372611306,503.9191372611306,119.41768,0.02184545,0.00012294363,0.14098118,0.0020549607,1.0
11850000,1.3256845,632.695652173913,112.144745,453.4061747426572,453.4061747426572,112.05093,0.02069822,0.00012247378,0.14082456,0.0020471457,1.0
11880000,1.3255849,685.3333333333334,112.98597,485.57905042436386,485.57905042436386,132.13937,0.018554244,0.00012200528,0.14066839,0.0020393534,1.0
11910000,1.3255597,659.18,113.03218,467.00334236838603,467.00334236838603,128.9213,0.01932023,0.00012153563,0.14051187,0.0020315414,1.0
11940000,1.3254327,634.9024390243902,112.54665,460.2882347614207,460.2882347614207,130.63148,0.020637723,0.000121063866,0.1403546,0.0020236943,1.0
11970000,1.3253161,732.9756097560976,112.448906,523.0321963589366,523.0321963589366,122.758316,0.01901832,0.00012075083,0.14025024,0.0020184878,1.0
12000000,1.3252186,685.0454545454545,113.85527,480.81653408570725,480.81653408570725,98.42645,0.018873602,0.00012027635,0.14009207,0.0020105953,1.0
12030000,1.3250649,803.2702702702703,116.27512,592.6206773551735,592.6206773551735,116.75243,0.020157913,0.000119808974,0.13993628,0.0020028208,1.0
12060000,1.3248832,700.4545454545455,114.78326,495.9480001709678,495.9480001709678,104.821945,0.020480707,0.00011933745,0.13977914,0.0019949782,1.0
12090000,1.3246312,610.8775510204082,114.095795,436.70812135813185,436.70812135813185,144.9638,0.020657118,0.00011887079,0.1396236,0.0019872163,1.0
12120000,1.3245009,617.2127659574468,113.75189,452.71089505134745,452.71089505134745,136.03925,0.021791639,0.00011839293,0.13946429,0.0019792677,1.0
12150000,1.3242624,733.4878048780488,115.531296,510.2939792726098,510.2939792726098,117.80553,0.022157507,0.00011792527,0.13930842,0.0019714897,1.0
12180000,1.3241459,759.5957446808511,116.17587,544.1253384846012,544.1253384846012,101.61053,0.018976055,0.00011745444,0.13915145,0.0019636573,1.0
12210000,1.3241082,694.9428571428572,116.68542,517.0660223611972,517.0660223611972,101.807144,0.020910699,0.000116989744,0.13899657,0.0019559278,1.0
12240000,1.3239837,747.1,118.12864,532.553730392456,532.553730392456,122.95553,0.020062644,0.00011667071,0.13889022,0.0019506214,1.0
12270000,1.3238176,665.4565217391304,115.77193,475.10133710114854,475.10133710114854,126.08089,0.018171309,0.000116201525,0.13873383,0.0019428176,1.0
12300000,1.3236578,794.0277777777778,118.062775,580.1016585891311,580.1016585891311,108.881134,0.018655539,0.00011573613,0.13857868,0.0019350762,1.0
12330000,1.3235787,828.4166666666666,117.85737,592.737293879191,592.737293879191,78.46952,0.01804069,0.00011526953,0.13842316,0.001927315,1.0
12360000,1.3234657,706.9069767441861,118.93271,522.1312353888223,522.1312353888223,102.02449,0.019971788,0.000114797695,0.13826588,0.0019194672,1.0
12390000,1.3232402,731.170731707317,116.36619,524.7445677082713,524.7445677082713,107.652534,0.019308027,0.000114328366,0.13810943,0.0019116605,1.0
12420000,1.3229605,684.4651162790698,118.54489,506.35010701556536,506.35010701556536,102.999176,0.023616808,0.000113867194,0.1379557,0.0019039891,1.0
12450000,1.3228463,741.8333333333334,118.42933,539.1031370395567,539.1031370395567,135.818,0.02231073,0.00011354544,0.13784844,0.0018986379,1.0
12480000,1.3229204,475.6885245901639,114.97044,343.0333965055404,343.0333965055404,178.45027,0.024356285,0.00011307269,0.13769086,0.0018907744,1.0
12510000,1.3230028,530.3684210526316,114.37133,380.79739229720934,380.79739229720934,219.36713,0.021619791,0.00011259953,0.13753316,0.0018829043,1.0
12540000,1.3228843,522.5263157894736,114.15667,384.81899793658937,384.81899793658937,199.77478,0.0200942,0.000112135116,0.13737838,0.0018751794,1.0
12570000,1.322836,537.1454545454545,115.69036,389.9402704536915,389.9402704536915,210.18146,0.02014869,0.000111667534,0.1372225,0.0018674022,1.0
12600000,1.3226694,596.3653846153846,117.6761,431.04000709533693,431.04000709533693,182.64084,0.017077066,0.00011119899,0.13706629,0.0018596086,1.0
12630000,1.3225325,540.5185185185185,113.46631,384.34035356555665,384.34035356555665,160.50858,0.021129752,0.00011072423,0.13690805,0.0018517115,1.0
12660000,1.3223314,619.0754716981132,117.64076,445.76197558403015,445.76197558403015,155.13065,0.021782856,0.00011026015,0.13675338,0.0018439922,1.0
12690000,1.322251,640.6666666666666,117.281746,478.5786154852973,478.5786154852973,123.22817,0.020890713,0.00010978967,0.13659652,0.0018361665,1.0
12720000,1.3221618,649.6808510638298,116.52201,468.1235982610824,468.1235982610824,127.47781,0.024340983,0.00010947979,0.13649324,0.0018310129,1.0
12750000,1.3222109,684.8139534883721,119.70803,506.6645039624946,506.6645039624946,141.73178,0.0205133,0.00010900685,0.1363356,0.0018231457,1.0
12780000,1.3220502,628.125,119.01487,457.7553746700287,457.7553746700287,152.47273,0.018066907,0.000108529195,0.13617638,0.0018152009,1.0
12810000,1.3219705,688.6170212765958,118.86641,506.4195208982988,506.4195208982988,127.02127,0.021443747,0.000108057895,0.13601926,0.0018073618,1.0
12840000,1.3217334,659.0,119.52083,486.12641031091863,486.12641031091863,125.164604,0.02093907,0.00010758421,0.13586137,0.0017994825,1.0
12870000,1.3216238,764.6136363636364,121.632034,568.0572259902954,568.0572259902954,115.35336,0.019140758,0.000107116415,0.13570546,0.0017917019,1.0
12900000,1.3215066,770.9705882352941,122.00992,589.3491757041529,589.3491757041529,80.59276,0.016382728,0.00010665158,0.1355505,0.0017839703,1.0
12930000,1.3214281,672.1521739130435,120.89565,477.21856565060824,477.21856565060824,141.23788,0.019217351,0.00010633849,0.13544613,0.0017787626,1.0
12960000,1.3212862,788.0540540540541,121.69752,582.6661413038099,582.6661413038099,105.131355,0.021950275,0.00010585986,0.1352866,0.0017708014,1.0
12990000,1.3211018,681.2045454545455,120.5417,484.86921579187566,484.86921579187566,114.5635,0.020171447,0.00010538734,0.13512906,0.0017629417,1.0
13020000,1.3208938,716.8095238095239,119.56212,544.9283913170419,544.9283913170419,130.43166,0.021156002,0.00010491029,0.13497007,0.0017550064,1.0
13050000,1.3207461,771.5128205128206,119.49266,559.5766444534063,559.5766444534063,72.230545,0.018883292,0.000104441504,0.1348138,0.0017472089,1.0
13080000,1.3207831,834.7073170731708,122.201935,598.8584563467238,598.8584563467238,86.140366,0.018871991,0.00010396989,0.13465661,0.0017393641,1.0
13110000,1.3208011,722.8571428571429,123.575294,570.8032577514648,570.8032577514648,78.89611,0.019197827,0.00010349529,0.13449839,0.00173147,1.0
13140000,1.3205769,752.0487804878048,121.008804,537.0091045455234,537.0091045455234,149.43512,0.017612673,0.00010318037,0.13439344,0.0017262324,1.0
13170000,1.3203238,663.3111111111111,121.8243,480.9809070163303,480.9809070163303,109.19978,0.019920807,0.00010271551,0.13423848,0.0017184999,1.0
13200000,1.3202763,755.8461538461538,123.142365,559.724483587803,559.724483587803,118.287834,0.022115536,0.000102243,0.13408096,0.0017106411,1.0
13230000,1.3201185,705.0238095238095,121.384384,516.952513388225,516.952513388225,115.38418,0.017871909,0.0001017789,0.13392627,0.0017029212,1.0
13260000,1.3199381,835.5,124.0222,618.0727791256375,618.0727791256375,81.50802,0.018401526,0.00010130245,0.13376744,0.0016949959,1.0
13290000,1.3198042,814.5365853658536,123.12166,595.3221361009698,595.3221361009698,82.87709,0.020286387,0.00010083179,0.13361058,0.0016871672,1.0
13320000,1.3195298,736.8378378378378,123.30459,547.9410408020019,547.9410408020019,99.665695,0.017537544,0.00010035924,0.13345306,0.0016793073,1.0
13350000,1.3193811,742.05,124.98303,545.196026802063,545.196026802063,108.36944,0.01740722,0.000100045705,0.13334852,0.0016740923,1.0
13380000,1.3192002,755.3333333333334,124.635605,559.956958770752,559.956958770752,93.9933,0.016380273,9.957304e-05,0.13319099,0.0016662301,1.0
13410000,1.3191051,754.25,124.80583,562.3194183349609,562.3194183349609,70.91151,0.019050859,9.91008e-05,0.13303356,0.0016583751,1.0
13440000,1.3189664,779.5128205128206,123.775795,571.5997289877671,571.5997289877671,109.02043,0.01904831,9.8623794e-05,0.13287458,0.0016504411,1.0
13470000,1.3188758,741.8,124.14313,536.6722716331482,536.6722716331482,84.156204,0.019568093,9.815716e-05,0.13271903,0.001642679,1.0
13500000,1.3187582,826.3157894736842,127.31981,658.4030108860561,658.4030108860561,76.03853,0.019073082,9.768457e-05,0.13256148,0.0016348187,1.0
13530000,1.3185887,675.6046511627907,124.29209,485.44016427579135,485.44016427579135,124.32928,0.01831136,9.7209435e-05,0.13240312,0.0016269159,1.0
13560000,1.3184444,740.275,126.08075,546.6984615325928,546.6984615325928,160.00388,0.023239965,9.689159e-05,0.1322972,0.0016216292,1.0
13590000,1.3183088,797.0526315789474,127.42159,601.5933692329809,601.5933692329809,99.039566,0.020273708,9.641878e-05,0.13213956,0.0016137647,1.0
13620000,1.3183603,793.918918918919,126.76096,600.9324545473665,600.9324545473665,82.86082,0.0210839,9.5954376e-05,0.13198476,0.0016060396,1.0
13650000,1.3182607,694.0681818181819,124.779144,506.2360588420521,506.2360588420521,118.254196,0.019236017,9.54869e-05,0.13182893,0.0015982643,1.0
13680000,1.3181742,768.3333333333334,127.284706,574.1707078982622,574.1707078982622,121.18055,0.019851612,9.5020965e-05,0.13167362,0.0015905137,1.0
13710000,1.3181003,790.6756756756756,127.16072,589.5840355125633,589.5840355125633,89.08043,0.021487556,9.454759e-05,0.13151583,0.0015826402,1.0
13740000,1.3179097,878.1470588235294,128.19838,650.6156665577608,650.6156665577608,76.59572,0.018321687,9.407991e-05,0.13135998,0.0015748615,1.0
13770000,1.3178586,765.3589743589744,127.572525,572.188975016276,572.188975016276,64.889175,0.02108841,9.376179e-05,0.13125391,0.0015695693,1.0
13800000,1.3178508,794.3684210526316,125.69379,596.7380554378033,596.7380554378033,121.78467,0.01905325,9.32956e-05,0.13109851,0.0015618154,1.0
13830000,1.317724,802.4473684210526,128.52559,607.6725247031764,607.6725247031764,86.45717,0.01959961,9.282787e-05,0.13094258,0.001554035,1.0
13860000,1.3175011,773.2631578947369,127.53033,592.3757349315442,592.3757349315442,105.87215,0.020151928,9.235393e-05,0.13078462,0.0015461524,1.0
13890000,1.3174266,722.952380952381,126.52528,529.7600091752552,529.7600091752552,111.71203,0.018065957,9.189083e-05,0.13063025,0.0015384493,1.0
13920000,1.3173301,718.8048780487804,125.16703,535.6787225444142,535.6787225444142,134.7532,0.01825976,9.141806e-05,0.13047266,0.0015305853,1.0
13950000,1.3171524,741.5853658536586,126.637886,532.0406442037443,532.0406442037443,117.432945,0.017058725,9.0948226e-05,0.13031605,0.0015227707,1.0
13980000,1.3172064,721.1162790697674,123.51195,559.7283252716064,559.7283252716064,92.919044,0.02085273,9.046729e-05,0.13015573,0.0015147714,1.0
14010000,1.3171443,731.475,127.073685,516.5993191031522,516.5993191031522,137.11311,0.019520188,8.996434e-05,0.12998809,0.0015064054,1.0
14040000,1.317076,748.675,127.22703,556.0248284339905,556.0248284339905,63.982735,0.018209884,8.9649024e-05,0.12988299,0.0015011606,1.0
14070000,1.3169822,728.925,126.68974,545.5376177072525,545.5376177072525,100.68007,0.019084262,8.917108e-05,0.12972367,0.0014932107,1.0
14100000,1.3168902,694.8181818181819,128.57,512.0117542960427,512.0117542960427,92.29554,0.01718417,8.869657e-05,0.12956549,0.0014853181,1.0
14130000,1.3166969,810.8157894736842,129.15572,614.0284541362041,614.0284541362041,125.048,0.018067602,8.822665e-05,0.12940885,0.0014775019,1.0
14160000,1.3167074,729.0,126.97372,557.7058193160267,557.7058193160267,114.182846,0.017722242,8.7755354e-05,0.12925175,0.0014696632,1.0
14190000,1.3167778,772.2105263157895,129.0343,578.7429651963083,578.7429651963083,83.22665,0.018064376,8.743859e-05,0.12914614,0.0014643935,1.0
14220000,1.3165952,831.3783783783783,130.29039,634.3518804601721,634.3518804601721,94.33778,0.016854648,8.6960375e-05,0.12898678,0.0014564395,1.0
14250000,1.3163728,827.4166666666666,130.17189,627.2559519873726,627.2559519873726,62.30355,0.01450207,8.6485146e-05,0.12882833,0.0014485347,1.0
14280000,1.316255,754.175,129.8259,562.490419960022,562.490419960022,96.69882,0.016679462,8.601348e-05,0.12867114,0.0014406897,1.0
14310000,1.3161271,727.125,127.77964,559.8997760772705,559.8997760772705,87.90934,0.01850702,8.5538246e-05,0.1285127,0.0014327845,1.0
14340000,1.3159633,747.225,129.37222,551.0859811782836,551.0859811782836,107.76951,0.020612773,8.5072534e-05,0.12835747,0.0014250388,1.0
14370000,1.3158066,886.5,132.01237,657.2728228849523,657.2728228849523,61.292725,0.020268358,8.459808e-05,0.12819934,0.0014171464,1.0
14400000,1.3158147,781.974358974359,130.56615,575.5908201168745,575.5908201168745,69.95861,0.017050652,8.429058e-05,0.12809683,0.0014120317,1.0
14430000,1.3156751,806.2702702702703,130.55014,603.3477718250172,603.3477718250172,103.851456,0.022373568,8.382507e-05,0.12794168,0.001404289,1.0
14460000,1.3154136,754.9487179487179,129.93738,579.3397187453049,579.3397187453049,103.73584,0.019561676,8.33616e-05,0.12778716,0.0013965804,1.0
14490000,1.3153664,793.7631578947369,130.64775,588.8469880003678,588.8469880003678,99.49985,0.018664178,8.28829e-05,0.12762761,0.0013886171,1.0
14520000,1.3152572,802.9473684210526,130.74403,591.4397285862973,591.4397285862973,101.679,0.01972437,8.241649e-05,0.12747213,0.0013808598,1.0
14550000,1.3152506,776.025641025641,132.06409,586.0030114023309,586.0030114023309,87.435776,0.017008703,8.1953665e-05,0.12731785,0.0013731611,1.0
14580000,1.3151851,874.8181818181819,132.3995,657.7520841710708,657.7520841710708,75.27513,0.023099521,8.149164e-05,0.12716386,0.0013654758,1.0
14610000,1.3151296,765.046511627907,132.36378,579.4456936906024,579.4456936906024,112.389145,0.019217703,8.102386e-05,0.12700793,0.0013576956,1.0
14640000,1.3152397,753.1666666666666,131.39177,575.6837072372437,575.6837072372437,74.3364,0.022545086,8.05564e-05,0.1268521,0.0013499198,1.0
14670000,1.3152853,829.8918918918919,133.87798,637.1235058758709,637.1235058758709,105.61486,0.018038899,8.023702e-05,0.12674567,0.0013446077,1.0
14700000,1.3151938,808.3513513513514,132.60516,616.7828422494837,616.7828422494837,97.043564,0.01783865,7.9757534e-05,0.12658583,0.0013366323,1.0
14730000,1.3151518,878.8529411764706,134.11917,665.0772933959961,665.0772933959961,71.3492,0.01731292,7.928216e-05,0.12642738,0.0013287254,1.0
14760000,1.3150865,653.9347826086956,131.85332,498.96464152958083,498.96464152958083,112.43543,0.01656683,7.8805446e-05,0.12626846,0.0013207957,1.0
14790000,1.3149698,758.0,131.26561,570.264907298944,570.264907298944,114.24436,0.01647311,7.833231e-05,0.12611075,0.001312926,1.0
14820000,1.3149239,831.8157894736842,133.09444,619.8642600377401,619.8642600377401,91.45393,0.015632858,7.786779e-05,0.12595588,0.0013051997,1.0
14850000,1.3147731,772.1621621621622,133.44221,600.1016119443453,600.1016119443453,85.408104,0.017197508,7.739356e-05,0.12579781,0.001297311,1.0
14880000,1.3147849,725.8536585365854,133.02493,544.1912063040385,544.1912063040385,109.51431,0.018207282,7.707605e-05,0.12569197,0.0012920306,1.0
14910000,1.314688,744.775,132.03427,562.8767772436142,562.8767772436142,140.4032,0.01895135,7.6603894e-05,0.1255346,0.0012841767,1.0
14940000,1.314537,794.3947368421053,132.8297,597.3145732879639,597.3145732879639,105.51543,0.018915098,7.613692e-05,0.12537892,0.0012764088,1.0
14970000,1.3143893,762.6923076923077,133.4967,587.2681009341509,587.2681009341509,80.86546,0.019572154,7.566251e-05,0.1252208,0.0012685186,1.0
15000000,1.3143375,752.075,130.74553,575.384247380495,575.384247380495,121.44317,0.018992983,7.518797e-05,0.12506264,0.0012606247,1.0
15030000,1.3142638,735.452380952381,134.47804,586.9038277650491,586.9038277650491,109.27315,0.018409915,7.4723175e-05,0.1249077,0.001252894,1.0
15060000,1.3141761,795.25,133.86528,590.4648663936517,590.4648663936517,88.51175,0.018186104,7.425395e-05,0.1247513,0.0012450891,1.0
15090000,1.3142192,852.6111111111111,135.15417,645.4745114644369,645.4745114644369,114.522194,0.019460231,7.394238e-05,0.12464742,0.0012399068,1.0
15120000,1.3142626,771.0,134.42015,583.8699980284039,583.8699980284039,71.02473,0.020604644,7.346456e-05,0.12448816,0.0012319591,1.0
15150000,1.3142447,796.2894736842105,135.6007,613.3623420313785,613.3623420313785,95.228065,0.017938454,7.2997515e-05,0.124332465,0.0012241903,1.0
15180000,1.3142042,834.4166666666666,134.30937,622.6419580247667,622.6419580247667,94.1838,0.018509904,7.253232e-05,0.12417742,0.0012164526,1.0
15210000,1.3140535,813.027027027027,135.45581,620.4933127325934,620.4933127325934,75.101204,0.02190004,7.206762e-05,0.124022506,0.0012087232,1.0
15240000,1.3138814,870.7428571428571,136.24806,677.2269682042739,677.2269682042739,87.744354,0.01963501,7.159956e-05,0.12386651,0.0012009377,1.0
15270000,1.3137616,763.4615384615385,134.96236,588.1239611625672,588.1239611625672,89.62782,0.016763603,7.1130795e-05,0.12371023,0.0011931409,1.0
15300000,1.313669,784.4736842105264,134.52437,583.6090001056069,583.6090001056069,107.36488,0.021056306,7.0809016e-05,0.123602964,0.0011877888,1.0
15330000,1.3135862,735.6,134.74857,558.8268178939819,558.8268178939819,118.4879,0.016598843,7.0327485e-05,0.123442456,0.0011797787,1.0
15360000,1.3135381,827.2432432432432,134.02486,629.4900050034394,629.4900050034394,94.67548,0.015855901,6.985688e-05,0.123285584,0.001171951,1.0
15390000,1.3134422,747.475,135.2153,574.3888116836548,574.3888116836548,97.49432,0.017938985,6.93802e-05,0.123126715,0.0011640227,1.0
15420000,1.3133657,793.081081081081,134.32674,621.4098678988379,621.4098678988379,102.33031,0.019656807,6.890049e-05,0.122966796,0.0011560434,1.0
15450000,1.3133209,857.3142857142857,136.41095,662.4807726916144,662.4807726916144,94.108696,0.018662961,6.843322e-05,0.12281105,0.0011482709,1.0
15480000,1.3131506,780.5897435897435,134.63104,569.7433589458466,569.7433589458466,103.60527,0.015365503,6.795292e-05,0.122650936,0.001140282,1.0
15510000,1.3130457,851.8857142857142,136.63531,658.9439032418387,658.9439032418387,112.45079,0.01695102,6.763979e-05,0.12254659,0.0011350738,1.0
15540000,1.3129809,817.0555555555555,137.21506,638.2011850674947,638.2011850674947,65.817924,0.017919324,6.717127e-05,0.12239039,0.0011272806,1.0
15570000,1.3128833,869.6285714285714,137.50081,667.0218745640346,667.0218745640346,90.68397,0.018881103,6.6704146e-05,0.12223467,0.0011195109,1.0
15600000,1.3127016,872.6470588235294,136.82617,675.5152651842902,675.5152651842902,78.460464,0.01832913,6.6231325e-05,0.12207706,0.0011116461,1.0
15630000,1.3125045,762.3076923076923,134.28397,578.5064204839559,578.5064204839559,124.077324,0.021087376,6.576001e-05,0.12191996,0.0011038069,1.0
15660000,1.3124287,856.9444444444445,135.8736,661.5873463948568,661.5873463948568,79.602234,0.018102372,6.52866e-05,0.12176217,0.0010959322,1.0
15690000,1.3123467,778.1052631578947,135.35713,591.5634449406674,591.5634449406674,94.361694,0.017096108,6.4814216e-05,0.1216047,0.0010880751,1.0
15720000,1.3123101,903.1212121212121,139.17487,707.4421331232244,707.4421331232244,73.35533,0.014619312,6.450327e-05,0.12150104,0.0010829029,1.0
15750000,1.3122686,886.6764705882352,138.10585,674.159185072955,674.159185072955,61.199852,0.01827383,6.404001e-05,0.12134663,0.0010751975,1.0
15780000,1.312265,821.1111111111111,137.60324,643.5581192440457,643.5581192440457,95.94445,0.016213166,6.357195e-05,0.121190615,0.0010674117,1.0
15810000,1.3121063,844.8888888888889,137.85635,641.0407758288914,641.0407758288914,85.394455,0.0169899,6.309492e-05,0.12103163,0.0010594775,1.0
15840000,1.3119407,746.625,137.46252,580.1405759811402,580.1405759811402,101.3444,0.019269964,6.262182e-05,0.12087392,0.0010516084,1.0
15870000,1.3119187,757.975,136.59677,585.693768787384,585.693768787384,112.875404,0.019248674,6.2155974e-05,0.12071863,0.0010438594,1.0
15900000,1.3117152,805.2162162162163,136.41974,623.0148356669658,623.0148356669658,70.80041,0.021921782,6.168297e-05,0.12056095,0.0010359917,1.0
15930000,1.3116164,785.125,136.81783,594.9894211919684,594.9894211919684,100.55838,0.018199788,6.1218016e-05,0.120406,0.0010282584,1.0
15960000,1.311589,826.7058823529412,137.93645,655.6971997287538,655.6971997287538,102.10347,0.01867353,6.075423e-05,0.120251395,0.0010205437,1.0
15990000,1.3115141,742.925,136.64401,569.9066811919213,569.9066811919213,76.199326,0.020652747,6.0444807e-05,0.12014823,0.001015397,1.0
16020000,1.3114665,791.6842105263158,138.32634,623.6414741716886,623.6414741716886,114.57125,0.019474486,5.9963488e-05,0.119987786,0.0010073911,1.0
16050000,1.3114007,837.5833333333334,137.90814,635.1220289866129,635.1220289866129,87.98116,0.020362021,5.9489823e-05,0.11982991,0.0009995124,1.0
16080000,1.3113352,803.918918918919,139.43042,638.9167917612436,638.9167917612436,89.00351,0.01564785,5.901449e-05,0.11967147,0.0009916062,1.0
16110000,1.3112063,754.475,137.08609,563.2048890113831,563.2048890113831,90.09519,0.016115045,5.8539055e-05,0.119513005,0.0009836981,1.0
16140000,1.3111696,827.972972972973,138.4671,638.3002589457744,638.3002589457744,111.52513,0.020938925,5.8070866e-05,0.119356945,0.0009759107,1.0
16170000,1.3111624,792.8378378378378,138.87994,608.1989738361256,608.1989738361256,89.60092,0.015509505,5.759815e-05,0.11919935,0.0009680481,1.0
16200000,1.3110247,778.5384615384615,138.42705,609.7443224099966,609.7443224099966,110.34928,0.019243319,5.7283356e-05,0.11909442,0.00096281193,1.0
16230000,1.3108356,854.3428571428572,139.43721,659.3670501708984,659.3670501708984,96.38022,0.01944546,5.6817193e-05,0.11893904,0.0009550578,1.0
16260000,1.3106937,870.5882352941177,140.21632,675.7734659980325,675.7734659980325,76.05766,0.018732144,5.634444e-05,0.11878148,0.0009471944,1.0
16290000,1.3105944,781.3846153846154,138.0597,601.7134668154595,601.7134668154595,78.798904,0.020322118,5.5880664e-05,0.118626855,0.0009394801,1.0
16320000,1.3105329,801.4594594594595,138.33528,610.1676722088375,610.1676722088375,134.35582,0.020114034,5.5418583e-05,0.11847283,0.00093179423,1.0
16350000,1.3104386,840.6486486486486,139.53554,658.2333091100057,658.2333091100057,92.340576,0.016542427,5.4936492e-05,0.118312135,0.00092377537,1.0
16380000,1.3103967,854.5294117647059,139.93877,663.1202730451312,663.1202730451312,63.203716,0.016414998,5.4458047e-05,0.11815265,0.00091581757,1.0
16410000,1.3103204,815.2222222222222,140.68839,640.5246399773491,640.5246399773491,57.225647,0.02114867,5.414824e-05,0.11804938,0.00091066415,1.0
16440000,1.3101915,865.9428571428572,138.62671,667.9537030833108,667.9537030833108,85.2229,0.017954232,5.367282e-05,0.117890924,0.00090275647,1.0
16470000,1.3100469,784.1842105263158,140.03886,606.0687982659591,606.0687982659591,93.62997,0.02078153,5.3204174e-05,0.11773469,0.00089496165,1.0
16500000,1.309976,731.0731707317074,139.36711,571.1899496869343,571.1899496869343,127.22732,0.018792994,5.2742096e-05,0.11758067,0.00088727556,1.0
16530000,1.3098764,806.2702702702703,140.94301,642.3896719442831,642.3896719442831,66.55104,0.017902313,5.227801e-05,0.11742596,0.000879556,1.0
16560000,1.3097858,861.6111111111111,141.34164,668.9844678606306,668.9844678606306,81.23978,0.018386303,5.180672e-05,0.11726887,0.0008717173,1.0
16590000,1.3096415,819.5142857142857,140.29492,643.3769159059267,643.3769159059267,77.89604,0.017438771,5.1335777e-05,0.11711191,0.00086388364,1.0
16620000,1.3095331,875.1621621621622,141.2357,673.8109714283663,673.8109714283663,72.8891,0.019938923,5.086527e-05,0.11695506,0.00085605733,1.0
16650000,1.309531,781.8285714285714,140.44234,609.1843779714484,609.1843779714484,95.85693,0.025117425,5.0389175e-05,0.116796345,0.00084813853,1.0
16680000,1.3095146,831.3055555555555,141.358,645.5930381351047,645.5930381351047,104.64633,0.014771874,5.0081755e-05,0.11669391,0.0008430252,1.0
16710000,1.3094852,884.5588235294117,141.89957,677.5238607070025,677.5238607070025,74.17847,0.015565202,4.961901e-05,0.11653966,0.0008353282,1.0
16740000,1.3093966,842.3714285714286,141.40056,667.6951799665179,667.6951799665179,67.57312,0.018489586,4.9146704e-05,0.1163822,0.00082747213,1.0
16770000,1.3092481,871.2571428571429,141.21141,668.3266093662806,668.3266093662806,72.8037,0.019108599,4.8677626e-05,0.116225846,0.00081966986,1.0
16800000,1.3091385,782.0526315789474,136.3643,613.3894940802926,613.3894940802926,125.67567,0.017571194,4.8213064e-05,0.11607099,0.00081194245,1.0
16830000,1.3091131,889.7575757575758,142.47374,707.6665308403246,707.6665308403246,77.96248,0.017777923,4.7742607e-05,0.11591418,0.0008041171,1.0
16860000,1.3090535,828.8918918918919,141.80174,632.5669553602064,632.5669553602064,66.53897,0.015328265,4.7275316e-05,0.11575841,0.00079634436,1.0
16890000,1.3090124,792.6216216216217,141.76874,622.2340062115643,622.2340062115643,113.48847,0.016230779,4.696184e-05,0.11565394,0.0007911306,1.0
16920000,1.3088881,807.421052631579,142.70547,620.5148605171003,620.5148605171003,84.47847,0.019525964,4.6490015e-05,0.11549664,0.0007832824,1.0
16950000,1.308811,794.6756756756756,140.85197,618.0745653719515,618.0745653719515,115.02358,0.017797897,4.6022193e-05,0.1153407,0.0007755009,1.0
16980000,1.3088149,834.7777777777778,140.79596,647.4224383566115,647.4224383566115,89.37874,0.018857712,4.553984e-05,0.11517991,0.00076747773,1.0
17010000,1.3087724,832.7777777777778,141.7496,645.520779715644,645.520779715644,65.60927,0.019584531,4.5061777e-05,0.11502055,0.00075952586,1.0
17040000,1.3087652,841.1944444444445,142.71732,666.8307121064928,666.8307121064928,88.29542,0.018783525,4.4589426e-05,0.11486312,0.0007516693,1.0
17070000,1.3087983,886.0,143.557,690.565387950224,690.565387950224,64.80064,0.016583255,4.4114757e-05,0.11470488,0.00074377406,1.0
17100000,1.3087516,882.0909090909091,144.26028,723.934531471946,723.934531471946,60.38429,0.017050201,4.3798234e-05,0.1145994,0.0007385091,1.0
17130000,1.3086969,816.2972972972973,142.13628,615.8870880539353,615.8870880539353,87.78339,0.018199433,4.332021e-05,0.11444005,0.0007305579,1.0
17160000,1.3086511,935.34375,144.18648,729.1034059524536,729.1034059524536,65.53112,0.02042559,4.285376e-05,0.114284545,0.0007227994,1.0
17190000,1.3086075,902.2,143.83293,704.8238608416389,704.8238608416389,71.804184,0.0180734,4.238193e-05,0.11412728,0.0007149513,1.0
17220000,1.3084245,847.1176470588235,141.58365,665.7967384474618,665.7967384474618,64.15642,0.017977638,4.191748e-05,0.113972455,0.00070722605,1.0
17250000,1.3083483,823.2777777777778,142.58307,650.8534563912285,650.8534563912285,108.73692,0.018074423,4.144222e-05,0.11381403,0.0006993208,1.0
17280000,1.3082867,780.3157894736842,141.96333,608.4250407971834,608.4250407971834,114.438644,0.020027721,4.0965657e-05,0.11365517,0.0006913939,1.0
17310000,1.3082919,855.1428571428571,143.06355,664.7908778599331,664.7908778599331,68.08022,0.01953416,4.0645e-05,0.11354829,0.0006860604,1.0
17340000,1.3082709,739.8536585365854,143.86932,591.8460826408573,591.8460826408573,77.562485,0.016266288,4.0177314e-05,0.1133924,0.00067828124,1.0
17370000,1.3082093,785.3421052631579,141.14815,620.0447365233773,620.0447365233773,148.21986,0.018227149,3.9689083e-05,0.11322968,0.00067015993,1.0
17400000,1.3081611,746.7073170731708,141.94478,588.8961558923488,588.8961558923488,91.78409,0.01757907,3.9225884e-05,0.11307527,0.000662456,1.0
17430000,1.3080213,906.8484848484849,144.89702,716.4612412886186,716.4612412886186,98.363594,0.014295832,3.876015e-05,0.11292003,0.000654709,1.0
17460000,1.3079531,796.6410256410256,140.78798,642.5686393428493,642.5686393428493,97.093765,0.01647434,3.8295013e-05,0.11276497,0.0006469722,1.0
17490000,1.3078995,821.9714285714285,143.3229,640.6152467469911,640.6152467469911,99.39674,0.020225124,3.782147e-05,0.11260715,0.0006390957,1.0
17520000,1.3078661,888.2121212121212,144.02255,701.2497297633778,701.2497297633778,69.02809,0.014185016,3.750351e-05,0.11250114,0.0006338067,1.0
17550000,1.3078403,850.3333333333334,143.4002,663.9309679932064,663.9309679932064,77.77912,0.01850013,3.7026726e-05,0.11234222,0.00062587654,1.0
17580000,1.3078158,815.4444444444445,144.28448,639.744532585144,639.744532585144,69.95197,0.023770945,3.6562175e-05,0.11218737,0.0006181493,1.0
17610000,1.3077374,868.0,143.97424,690.3193328312465,690.3193328312465,78.2212,0.01899585,3.6092322e-05,0.112030745,0.0006103342,1.0
17640000,1.3077679,842.4,145.27402,685.4385657174247,685.4385657174247,73.15676,0.016889205,3.562383e-05,0.11187458,0.00060254155,1.0
17670000,1.307745,915.0571428571428,145.46121,697.1451693448154,697.1451693448154,64.95977,0.017743334,3.5153455e-05,0.11171779,0.00059471774,1.0
17700000,1.3076814,918.0645161290323,145.65672,740.9320657903498,740.9320657903498,38.149685,0.017008645,3.468339e-05,0.11156109,0.000586899,1.0
17730000,1.3076142,841.4722222222222,143.63264,668.0008733007643,668.0008733007643,63.861324,0.019790877,3.4218916e-05,0.1114063,0.0005791732,1.0
17760000,1.3075881,868.6764705882352,144.45174,686.2955819648855,686.2955819648855,62.10252,0.021661427,3.3757176e-05,0.111252345,0.0005714929,1.0
17790000,1.3075526,756.9487179487179,143.01044,600.5028434166542,600.5028434166542,118.15015,0.015105429,3.3449098e-05,0.11114969,0.0005663686,1.0
17820000,1.307421,856.6,145.99626,691.9479875837054,691.9479875837054,70.980576,0.018598199,3.297328e-05,0.110991076,0.00055845396,1.0
17850000,1.3073363,868.9428571428572,145.54984,673.7802049909319,673.7802049909319,108.75562,0.018951923,3.2503223e-05,0.110834375,0.0005506354,1.0
17880000,1.3072147,842.5,145.20079,666.4920525021023,666.4920525021023,75.37175,0.018176116,3.2025186e-05,0.110675044,0.0005426841,1.0
17910000,1.3071688,794.0540540540541,144.90816,639.4797657116039,639.4797657116039,114.909355,0.017895807,3.156036e-05,0.110520095,0.0005349525,1.0
17940000,1.3071393,850.4,145.01637,663.5792041642326,663.5792041642326,66.47986,0.019102473,3.1097137e-05,0.110365674,0.0005272475,1.0
17970000,1.3070737,838.6666666666666,145.50934,657.6063550313314,657.6063550313314,70.17013,0.017459402,3.0630807e-05,0.110210225,0.0005194909,1.0
18000000,1.3070766,807.7297297297297,145.23267,628.085474375132,628.085474375132,109.38029,0.014863849,3.0311385e-05,0.11010378,0.0005141777,1.0
18030000,1.307068,881.7352941176471,146.44005,693.3800928452436,693.3800928452436,70.09879,0.019630514,2.9837367e-05,0.10994576,0.0005062934,1.0
18060000,1.3069818,875.4117647058823,146.69055,714.9194982192096,714.9194982192096,44.232708,0.021513714,2.9359138e-05,0.10978634,0.0004983388,1.0
18090000,1.306938,936.15625,146.98947,728.2333250045776,728.2333250045776,53.780685,0.018828576,2.8878905e-05,0.109626256,0.00049035077,1.0
18120000,1.3068801,865.8,145.56844,698.1185668264117,698.1185668264117,60.079563,0.016293978,2.8399287e-05,0.10946638,0.0004823732,1.0
18150000,1.3067852,820.3421052631579,147.19435,679.4430262247721,679.4430262247721,85.3627,0.015698597,2.7923805e-05,0.1093079,0.00047446426,1.0
18180000,1.3066739,841.1470588235294,146.86221,651.2994622124565,651.2994622124565,69.741974,0.021301776,2.7457381e-05,0.10915241,0.00046670623,1.0
18210000,1.3066254,966.7741935483871,148.12149,773.7991903981855,773.7991903981855,77.01889,0.020054841,2.7141406e-05,0.10904712,0.00046145046,1.0
18240000,1.306609,922.6060606060606,147.38432,728.5750334768584,728.5750334768584,47.311855,0.02061915,2.6664415e-05,0.10888812,0.00045351658,1.0
18270000,1.3066198,841.0857142857143,147.32924,670.783547101702,670.783547101702,54.663486,0.013109396,2.6187532e-05,0.10872914,0.0004455845,1.0
18300000,1.3066442,785.5384615384615,146.84915,631.4494733810425,631.4494733810425,90.41162,0.014725588,2.5718706e-05,0.10857286,0.00043778622,1.0
18330000,1.306583,854.2941176470588,147.2079,685.4177876640769,685.4177876640769,50.0349,0.01658438,2.5239167e-05,0.10841301,0.00042980988,1.0
18360000,1.3065248,875.3055555555555,146.53935,678.7431748526437,678.7431748526437,79.869156,0.016920011,2.477539e-05,0.10825844,0.00042209576,1.0
18390000,1.306465,960.6,148.47636,768.421993870889,768.421993870889,30.634468,0.019581862,2.4304663e-05,0.10810154,0.000414266,1.0
18420000,1.3063843,865.3428571428572,148.21611,702.1937808445522,702.1937808445522,59.099003,0.018694963,2.3996321e-05,0.107998766,0.0004091372,1.0
18450000,1.3062873,898.1818181818181,148.14809,715.0395937832919,715.0395937832919,67.06362,0.017084757,2.35245e-05,0.10784147,0.0004012892,1.0
18480000,1.3062363,856.2,146.6714,682.4039152962821,682.4039152962821,77.889725,0.022010684,2.304492e-05,0.107681595,0.00039331228,1.0
18510000,1.3062438,905.2727272727273,148.41077,734.6373073693478,734.6373073693478,86.92313,0.01717605,2.2576358e-05,0.10752541,0.0003855184,1.0
18540000,1.3062141,827.4324324324324,147.51321,663.3964245770428,663.3964245770428,82.84992,0.020047735,2.2111992e-05,0.10737063,0.0003777946,1.0
18570000,1.3061408,854.4,148.68913,691.2052126203265,691.2052126203265,64.40614,0.016492285,2.1643671e-05,0.10721453,0.00037000474,1.0
18600000,1.3060671,845.7142857142857,148.22809,677.6171439034598,677.6171439034598,86.8964,0.015044089,2.1170825e-05,0.10705689,0.00036213984,1.0
18630000,1.3060043,885.2058823529412,148.67337,707.8409179238712,707.8409179238712,45.69241,0.017601512,2.0856985e-05,0.10695228,0.0003569197,1.0
18660000,1.3059866,857.4571428571429,149.27466,684.4641475132534,684.4641475132534,84.53574,0.01518129,2.0383084e-05,0.10679431,0.00034903703,1.0
18690000,1.3059512,896.4545454545455,149.63371,720.9848253654711,720.9848253654711,77.2827,0.017193215,1.991457e-05,0.10663816,0.00034124404,1.0
18720000,1.3058873,859.4857142857143,149.28455,699.6694741385323,699.6694741385323,74.62957,0.01664865,1.9444247e-05,0.106481366,0.00033342093,1.0
18750000,1.3058517,844.2777777777778,146.48595,666.1813914510939,666.1813914510939,101.132286,0.016750786,1.8977618e-05,0.10632585,0.0003256594,1.0
18780000,1.3058108,791.7948717948718,148.27724,623.7533473968506,623.7533473968506,102.04461,0.017121281,1.8506158e-05,0.1061687,0.0003178175,1.0
18810000,1.305804,797.8888888888889,146.83884,639.5179436786755,639.5179436786755,73.04876,0.0148537615,1.8035737e-05,0.10601188,0.00030999273,1.0
18840000,1.3058301,862.1666666666666,149.25252,694.149093409947,694.149093409947,100.4413,0.018352736,1.756286e-05,0.10585426,0.00030212727,1.0
18870000,1.3057934,819.0588235294117,148.05484,658.088700082567,658.088700082567,74.571915,0.015896479,1.7086413e-05,0.105695456,0.00029420233,1.0
18900000,1.3057417,872.7647058823529,148.97153,689.9163578818826,689.9163578818826,85.55864,0.014758314,1.6764276e-05,0.10558804,0.00028884417,1.0
18930000,1.3056943,860.7428571428571,150.5268,692.9874389648437,692.9874389648437,61.665726,0.015044872,1.6292342e-05,0.10543077,0.0002809944,1.0
18960000,1.3056352,832.8611111111111,146.88068,669.0346168941921,669.0346168941921,94.01363,0.016614217,1.5828882e-05,0.10527628,0.0002732855,1.0
18990000,1.3056115,789.8947368421053,147.897,618.7487398448743,618.7487398448743,83.285835,0.01682111,1.5353104e-05,0.10511767,0.0002653717,1.0
19020000,1.3055729,885.1470588235294,150.33652,709.1932561537799,709.1932561537799,94.23057,0.015901398,1.4878688e-05,0.10495952,0.00025748048,1.0
19050000,1.3055649,848.8,149.755,678.5174377441406,678.5174377441406,73.361465,0.01685489,1.441427e-05,0.10480473,0.00024975574,1.0
19080000,1.3055642,823.8387096774194,150.23325,670.2013223436144,670.2013223436144,80.18359,0.016123444,1.39515005e-05,0.104650475,0.00024205832,1.0
19110000,1.3055661,879.7058823529412,150.23376,710.3147951013901,710.3147951013901,88.236664,0.017673027,1.3632941e-05,0.10454426,0.0002367597,1.0
19140000,1.305585,881.9117647058823,151.4293,724.5583810245289,724.5583810245289,70.44739,0.017546646,1.3163475e-05,0.10438779,0.00022895088,1.0
19170000,1.3055427,819.8378378378378,149.62482,666.747216817495,666.747216817495,100.24412,0.016650002,1.2688395e-05,0.104229435,0.00022104864,1.0
19200000,1.305529,943.65625,150.3428,743.5991544723511,743.5991544723511,66.56427,0.018326398,1.2208673e-05,0.10406953,0.00021306932,1.0
19230000,1.305527,777.2631578947369,147.1542,638.157926659835,638.157926659835,103.53745,0.016679335,1.1735314e-05,0.10391172,0.00020519583,1.0
19260000,1.3054811,871.0555555555555,148.30792,694.8947092533111,694.8947092533111,86.224724,0.017559698,1.1261556e-05,0.10375382,0.0001973156,1.0
19290000,1.3054385,834.1428571428571,149.75006,668.2151709662544,668.2151709662544,66.281815,0.01866166,1.078873e-05,0.10359621,0.00018945093,1.0
19320000,1.3054157,867.9411764705883,149.19498,696.0881179360782,696.0881179360782,106.337,0.019134013,1.0472194e-05,0.10349068,0.00018418583,1.0
19350000,1.3054055,841.6944444444445,150.36449,674.8609703911675,674.8609703911675,84.81847,0.017369453,1.0007287e-05,0.10333573,0.00017645292,1.0
19380000,1.3053967,791.7837837837837,150.68585,645.0573471687935,645.0573471687935,113.17672,0.014169858,9.536548e-06,0.10317881,0.00016862297,1.0
19410000,1.3053912,882.9117647058823,151.19745,712.5113188799689,712.5113188799689,85.959435,0.020060644,9.067242e-06,0.1030224,0.00016081684,1.0
19440000,1.3053923,857.6857142857143,150.88205,702.7790044239589,702.7790044239589,89.49292,0.014404527,8.592394e-06,0.102864094,0.00015291851,1.0
19470000,1.3053869,953.8125,151.68208,772.518693447113,772.518693447113,53.39627,0.018049113,8.122507e-06,0.10270748,0.00014510273,1.0
19500000,1.3053608,878.7941176470588,151.47937,710.5413284301758,710.5413284301758,41.835484,0.018833298,7.650797e-06,0.10255024,0.0001372566,1.0
19530000,1.305342,880.5,151.62257,716.8466944975012,716.8466944975012,100.708786,0.013280438,7.3428614e-06,0.10244758,0.00013213462,1.0
19560000,1.3053213,889.2058823529412,150.20403,711.5082978641285,711.5082978641285,80.67905,0.016930778,6.8670715e-06,0.10228899,0.00012422065,1.0
19590000,1.3052994,803.1621621621622,149.659,652.7370064709637,652.7370064709637,78.666435,0.016937464,6.3977213e-06,0.102132544,0.00011641377,1.0
19620000,1.3052926,859.2571428571429,151.39731,705.6616122790746,705.6616122790746,94.39212,0.015697844,5.923658e-06,0.10197452,0.00010852855,1.0
19650000,1.3052933,832.2222222222222,150.57916,666.2801895141602,666.2801895141602,64.85029,0.015198636,5.445125e-06,0.101815,0.00010056894,1.0
19680000,1.3052974,835.3333333333334,149.55145,675.513440826961,675.513440826961,90.47406,0.017509596,4.979771e-06,0.101659894,9.282857e-05,1.0
19710000,1.305297,854.3428571428572,151.12726,678.208470026652,678.208470026652,105.85265,0.01615743,4.517386e-06,0.101505764,8.513754e-05,1.0
19740000,1.3053019,940.258064516129,152.21191,759.3245564122354,759.3245564122354,41.209026,0.013713726,4.20253e-06,0.10140082,7.990045e-05,1.0
19770000,1.3052919,852.9444444444445,150.56491,687.3690347671509,687.3690347671509,61.66531,0.015668064,3.7336804e-06,0.10124451,7.21019e-05,1.0
19800000,1.3052778,853.2571428571429,151.1342,686.9758479527064,686.9758479527064,99.064865,0.015063915,3.2723763e-06,0.101090744,6.442888e-05,1.0
19830000,1.3052719,952.7741935483871,153.38416,778.8974058089718,778.8974058089718,61.51345,0.013041008,2.8059762e-06,0.1009353,5.6671073e-05,1.0
19860000,1.3052713,806.1891891891892,149.88266,657.3063241082269,657.3063241082269,68.53951,0.014985603,2.336447e-06,0.10077879,4.8861242e-05,1.0
19890000,1.3052695,878.2432432432432,150.81941,694.02759041105,694.02759041105,93.23583,0.016093682,1.858906e-06,0.1006196,4.0918145e-05,1.0
19920000,1.3052664,867.71875,150.20522,705.4369389590095,705.4369389590095,51.436806,0.017875444,1.3831536e-06,0.10046102,3.30048e-05,1.0
19950000,1.3052628,874.6756756756756,150.66045,700.3471607753208,700.3471607753208,70.559,0.017853957,9.1144284e-07,0.100303784,2.515867e-05,1.0
19980000,1.3052621,917.2333333333333,152.18243,735.3824644088745,735.3824644088745,84.26956,0.015929066,4.295752e-07,0.100143164,1.7143608e-05,1.0
